Date,Maximum_Temp,Minimum_temp,Relative Humidity_AVG,Rain fall_mm,Wind velocity_km/hr,Sunshine_hr
1/1/2017,31,22.5,82.5,0.00,0.89,2.5
1/2/2017,33.5,23,78,0.60,1.39,4.3
1/3/2017,33,22,77.5,0.00,1.57,2.7
1/4/2017,34,20.5,76,11.10,1.97,6.3
1/5/2017,34,21,68,0.00,1.96,9.1
1/6/2017,33.5,19.5,68,0.00,2.01,8.1
1/7/2017,34.5,19,61.5,0.00,2.37,9.6
1/8/2017,34.5,17.5,60.5,0.00,2.07,9.6
1/9/2017,35,17.5,59,0.00,1.72,9.7
1/10/2017,33,20,65.5,0.00,2.12,9.7
1/11/2017,35,19,67,0.00,1.7,9.6
1/12/2017,33.5,19,67.5,0.00,2.4,9.4
1/13/2017,34,16.5,65,0.00,1.79,9.5
1/14/2017,35,17.5,55.5,0.00,1.8,9.4
1/15/2017,35,20.5,60.5,0.00,1.72,9
1/16/2017,34,19.5,73.5,0.00,2.39,6.8
1/17/2017,34,19,67.5,0.00,1.97,8.5
1/18/2017,34,17.5,61.5,0.00,1.73,8.7
1/19/2017,35,19.5,62,0.00,2.32,8.8
1/20/2017,36,23.5,67,2.30,1.96,7.5
1/21/2017,32.5,22,80,0.50,1.88,3.2
1/22/2017,31.5,22.5,74.5,0.00,1.33,0.3
1/23/2017,29.5,22.5,91.5,3.40,0.69,0.5
1/24/2017,32,22.5,83,18.40,1.8,0.6
1/25/2017,29.5,21.5,94,26.30,0.76,1.5
1/26/2017,33.5,23.5,84.5,9.70,1.46,4.7
1/27/2017,27,22,90,13.30,0.6,0.2
1/28/2017,33.5,21.5,71.5,3.00,1.5,8.7
1/29/2017,33.5,22,74,0.00,2.05,9.1
1/30/2017,32,22,88,36.00,2.11,4.4
1/31/2017,34,22,72,0.00,2.01,8.5
2/1/2017,34,20.5,68.5,0.00,1.76,9.9
2/2/2017,34.5,19.5,70.5,0.00,1.26,8.2
2/3/2017,34.5,16,65.5,0.00,1.25,10
2/4/2017,34,18,65,0.00,1.57,9.3
2/5/2017,34,19.5,64,0.00,1.48,10.3
2/6/2017,34,20,66,0.00,1.92,11.2
2/7/2017,33.5,21.5,75.5,0.00,2.04,8.7
2/8/2017,34,20,74,0.00,2.1,8
2/9/2017,33.5,19.5,73.5,0.00,2.07,9.6
2/10/2017,33.5,20.5,75,0.00,1.87,7.9
2/11/2017,35,20,67,0.00,2,9.4
2/12/2017,34.5,17.5,60.5,0.00,1.63,9.8
2/13/2017,34,21,58,0.00,3.16,10.2
2/14/2017,33.5,22.5,88,4.10,2.19,4.5
2/15/2017,33.5,19,66,0.00,4.05,9.3
2/16/2017,34.5,18,63.5,0.00,4.55,10
2/17/2017,33.5,20.5,58,0.00,4.29,10
2/18/2017,33,23,76.5,0.00,2.55,1.9
2/19/2017,33.5,23,84,0.00,1.37,0
2/20/2017,32,21.5,81.5,0.00,2.64,1
2/21/2017,35.5,21,67.5,0.00,2.26,9.6
2/22/2017,34.5,21.5,73.5,0.00,2.15,10.1
2/23/2017,33.5,22,72,0.00,2.24,9
2/24/2017,35.5,20.5,73.5,0.00,1.86,8.4
2/25/2017,30,21.5,84.5,22.10,1.12,1.5
2/26/2017,28,22,88.5,0.40,0.52,0.4
2/27/2017,33.5,22.5,72,0.00,2.37,6
2/28/2017,32,23.5,79.5,3.00,1.97,2.6
3/1/2017,25,22,96,30.40,0.73,0
3/2/2017,33,21.5,75.5,0.00,2.6,6.3
3/3/2017,33.5,22,73.5,0.00,1.81,5.5
3/4/2017,32,20,86.5,23.10,1.07,5.1
3/5/2017,34,23.5,79.5,0.00,2.34,10.3
3/6/2017,35,23,74,1.90,2,8.3
3/7/2017,34,23.5,72.5,0.00,2.38,10
3/8/2017,35,22,67.5,0.00,1.92,10.2
3/9/2017,34.5,23.5,73,0.00,1.61,6.6
3/10/2017,32,23,75.5,2.80,0.83,3.1
3/11/2017,32.5,21.5,86.5,0.40,2.15,6.3
3/12/2017,33.5,22,74,29.00,2.37,8.7
3/13/2017,34.5,22.5,72.5,0.00,2.08,7.5
3/14/2017,34.5,22.5,84.5,2.00,1.5,6.6
3/15/2017,34.5,22,75,13.50,1.97,7.4
3/16/2017,34.5,22.5,78.5,0.00,1.65,6.6
3/17/2017,34.5,21.5,68,0.00,1.58,8.6
3/18/2017,30.5,23.5,68.5,0.00,1.9,8.7
3/19/2017,35.5,23,66.5,0.00,1.94,7.2
3/20/2017,36,22,66.5,0.00,1.89,7.2
3/21/2017,36.5,24,65.5,0.00,1.46,8.3
3/22/2017,35.5,20,64,0.00,1.79,8.2
3/23/2017,36,21,59.5,0.00,1.55,9.2
3/24/2017,35.5,20.5,61.5,0.00,1.95,7.2
3/25/2017,35.5,21,62.5,0.00,2.35,8.5
3/26/2017,35,24,65.5,0.00,1.92,7.3
3/27/2017,34.5,22,68.5,0.00,1.5,3.5
3/28/2017,35.5,23,72,0.00,2.55,7.3
3/29/2017,35.5,22,83,1.90,2.1,6.6
3/30/2017,36,23,67,0.80,1.92,7.3
3/31/2017,35,23.5,75.5,0.00,2.19,6.9
4/1/2017,37,23.5,63.5,0.00,2.33,8.1
4/2/2017,35.5,22.5,73.5,40.30,2.37,7.2
4/3/2017,35,22,78,0.40,1.45,4.8
4/4/2017,35.5,22.5,81,0.00,1.43,5.7
4/5/2017,36,22,70,0.00,1.8,6.7
4/6/2017,36.5,22.5,69.5,0.00,1.7,7.4
4/7/2017,37.5,23,50,0.00,2.35,10.3
4/8/2017,36,23,67,0.00,1.65,7.5
4/9/2017,36.5,23,75,0.00,1.78,7.7
4/10/2017,35,22.5,71,0.00,2.06,7
4/11/2017,35,22.5,78,35.70,1.35,4.2
4/12/2017,34,23,81,0.40,1.5,1.6
4/13/2017,34.5,22.5,82.5,0.00,1.37,3.2
4/14/2017,35.5,23,66,0.00,4.68,8.8
4/15/2017,35.5,22.5,60,0.00,4.89,9.9
4/16/2017,36,24,63.5,0.00,4.23,9.4
4/17/2017,36.5,22.5,59.5,0.00,3.89,10.3
4/18/2017,36.5,22.5,67.5,0.00,2.21,7.6
4/19/2017,36.5,22,64,0.00,1.86,8.3
4/20/2017,37,22,60,0.00,2.35,7.4
4/21/2017,35,22,60.5,0.00,2.26,7.4
4/22/2017,36.5,22,60.5,0.00,2.51,10.4
4/23/2017,36,23,66.5,0.00,1.74,8.3
4/24/2017,36,23,73,0.00,2.21,6.3
4/25/2017,35.5,23,71,0.00,2.25,6.7
4/26/2017,36,24,61.5,0.00,3.08,8.1
4/27/2017,36.5,21.5,59.5,0.00,2.43,8.3
4/28/2017,38,22.5,58.5,0.00,2.04,9.5
4/29/2017,37,22,63.5,23.20,2.62,9.5
4/30/2017,36,23.5,71,0.00,1.8,8.2
5/1/2017,36,23,73.5,0.00,2.52,7.7
5/2/2017,35.5,23,70.5,0.00,2.15,8.1
5/3/2017,35.5,22.5,74.5,54.20,1.6,6.9
5/4/2017,32,23.5,62.5,0.00,1.76,9.6
5/5/2017,34.5,24,68.5,0.00,2.07,8
5/6/2017,32.5,23,81.5,0.00,1.18,2.7
5/7/2017,34.5,23,76,0.00,2.24,8.6
5/8/2017,35,23,82,1.20,1.72,8.9
5/9/2017,35,23,78,3.00,1.3,7
5/10/2017,36,24,72.5,6.20,0.69,7.8
5/11/2017,34.5,24.5,69.5,1.40,2.02,5.4
5/12/2017,35,22.5,86.5,0.40,1.48,5.2
5/13/2017,36,22.5,80,5.20,1.46,6.1
5/14/2017,34.5,24,69.5,0.30,4.98,6.6
5/15/2017,35,24,69,0.00,4.98,8.6
5/16/2017,35,26.5,67,0.00,4.62,10
5/17/2017,35.5,25.5,68,0.00,6.15,9.7
5/18/2017,34,27,78,0.00,7.4,1.3
5/19/2017,35,25,61.5,0.00,4.29,8.8
5/20/2017,35.5,25.5,65.5,0.00,5.32,8.9
5/21/2017,34.5,25,64,0.00,2.43,2.2
5/22/2017,34.5,25.5,66,0.00,3.08,6.3
5/23/2017,33.5,24.5,70.5,0.00,1.95,2
5/24/2017,34,22.5,70,19.80,2.93,2.6
5/25/2017,34,21.5,92,131.40,1.83,2
5/26/2017,29.5,22.5,96,8.20,2.84,2
5/27/2017,33,26,65,0.00,6.06,9.4
5/28/2017,34,26.5,70.5,0.00,8.72,6.1
5/29/2017,33,24,72,15.50,4.67,6.2
5/30/2017,31.5,25,71,0.50,4.38,2.1
5/31/2017,33,25,73.5,0.00,5.05,6
6/1/2017,32,25.5,74,0.00,4.32,1.1
6/2/2017,33,24,74,0.30,7,3.1
6/3/2017,34,22.5,76.5,0.00,7.51,6.7
6/4/2017,33,25,66,0.00,6.8,9.8
6/5/2017,34,25,70.5,0.00,4.3,6.2
6/6/2017,34,25,70,0.30,3.8,8.3
6/7/2017,32,24,71.5,0.00,5.5,2.2
6/8/2017,34.5,23,60.5,0.00,6.7,7.4
6/9/2017,35,22,61,0.00,4,9.3
6/10/2017,34,23.5,63.5,1.60,3.2,8.9
6/11/2017,34.5,23.5,68,0.00,3.4,8.4
6/12/2017,34.5,24,63.5,0.00,4.5,9.6
6/13/2017,35.5,23.5,65.5,0.00,3.5,9.9
6/14/2017,34.5,23.5,73,7.10,2.6,6.6
6/15/2017,31,24,92,11.70,1.4,0.4
6/16/2017,33.5,23.5,74.5,0.00,3.2,7.4
6/17/2017,34.5,23.5,69.5,0.00,3.2,9.7
6/18/2017,35.5,23.5,62.5,0.00,3,8.5
6/19/2017,35,24,69,0.00,2.6,6.1
6/20/2017,34,24,68.5,0.00,3.5,6.3
6/21/2017,35.5,23,65.5,0.00,3,8.1
6/22/2017,34,23,65.5,0.00,3.2,7.2
6/23/2017,34.5,24,76.5,2.40,3.9,8
6/24/2017,30.5,23.5,73.5,0.00,5.4,2
6/25/2017,30.5,24,65.5,0.00,4.2,6.3
6/26/2017,35.5,23.5,82,3.00,4.2,0.9
6/27/2017,34.5,24,77,1.70,7.7,6
6/28/2017,33,24,60.5,0.00,8.8,8
6/29/2017,35,25,57.5,0.00,8.4,10
6/30/2017,34,24,56.5,0.00,9.8,9
7/1/2017,34,24,60,0.00,8.3,8
7/2/2017,34,24,62,0.00,7.33,8
7/3/2017,35,24.5,59,0.00,8.06,8.7
7/4/2017,35,24.5,55,0.00,10.18,9.3
7/5/2017,34.5,24,54.5,0.00,8.7,9.2
7/6/2017,34.5,24,61.5,0.00,10.61,7
7/7/2017,34.5,21.5,64,0.00,9.93,6.7
7/8/2017,35,24,58,0.50,4.64,4.9
7/9/2017,32,23.5,74.5,0.00,4.08,1.3
7/10/2017,34,24,63,0.00,7.38,9.8
7/11/2017,31,24,68,0.00,8.78,2.7
7/12/2017,35.5,22.5,60,0.00,6.46,5.5
7/13/2017,34.5,24,56.5,0.00,7.13,7.1
7/14/2017,35,24,53.5,0.00,6.03,9
7/15/2017,35.5,23,57,0.00,7.33,9.6
7/16/2017,35,24.5,57,0.00,7.18,10
7/17/2017,35,23,59,0.00,5.09,8.9
7/18/2017,34.5,23.5,57,0.00,4.34,6.7
7/19/2017,34.5,23,62.5,0.00,2.34,5.1
7/20/2017,36.5,23.5,60,0.30,4.98,8.8
7/21/2017,35.5,24,57,0.80,9,6.6
7/22/2017,34.5,24.5,63.5,0.00,7.07,7.6
7/23/2017,34,25,62,0.00,6.96,9.9
7/24/2017,36,25,59,0.00,7.68,9.3
7/25/2017,36.5,26,52.5,0.00,5.55,7.8
7/26/2017,36,25,56.5,0.00,7.96,8.2
7/27/2017,36.5,25,65,0.00,8.1,8.1
7/28/2017,35,21,69,0.80,9.76,6.3
7/29/2017,35,23.5,68,0.00,5.39,5.1
7/30/2017,35.5,23,56.5,0.00,7.33,8.8
7/31/2017,36.5,24,63.5,0.10,3.58,7.6
8/1/2017,34,23.5,73,1.60,3.15,6
8/2/2017,35,25,62.5,0.00,6.98,8.7
8/3/2017,34.5,24,61.5,0.00,9.56,8.6
8/4/2017,33.5,24.5,63,0.00,8.03,6.3
8/5/2017,34.5,25,60.5,0.00,7.26,8.3
8/6/2017,33.5,25,37.5,0.00,6.34,5.4
8/7/2017,32.5,25,64,0.20,5.51,0.3
8/8/2017,35.5,23.5,65,0.00,4.63,4.3
8/9/2017,36,24.5,55,0.00,5.28,5.7
8/10/2017,35.5,23,63,0.00,3.38,5.3
8/11/2017,35.5,25,57.5,0.00,9.66,9.2
8/12/2017,36.5,22,62,0.00,4.52,7.1
8/13/2017,37,24.5,58.5,0.00,3.45,6.9
8/14/2017,32.5,21.5,66,0.00,2.04,0.3
8/15/2017,36.5,21,56,0.00,2.34,9.2
8/16/2017,35.5,22,55,0.00,4.61,9.7
8/17/2017,35,23.5,53.5,0.00,5.15,9.4
8/18/2017,32.5,24,75.5,24.00,1.54,2.1
8/19/2017,32.5,22,77.5,0.00,3.1,1.7
8/20/2017,33,25,70,0.20,5.69,4
8/21/2017,34.5,24,57.5,0.50,5.37,9.8
8/22/2017,33,24,71,0.00,6.72,2.5
8/23/2017,35,24.5,60.5,0.00,5.02,7.8
8/24/2017,35,23,65.5,0.00,3.39,6.7
8/25/2017,35.5,25,60,0.00,6.4,9.9
8/26/2017,35.5,24.5,57,0.00,5.62,10.6
8/27/2017,35,23,54.5,0.00,5.78,10.4
8/28/2017,35,24.5,66.5,4.90,4.68,7
8/29/2017,34,25,73.5,0.00,8.06,7.2
8/30/2017,35.5,24,57,0.00,8.18,6.7
8/31/2017,38,24,55.5,0.00,3.77,8
9/1/2017,37,23,55.5,0.00,2.22,6
9/2/2017,34.5,23.5,63,0.50,2.62,7
9/3/2017,32.5,24,67.5,0.00,2.31,0.7
9/4/2017,37.5,23.5,63,1.30,2.22,5.8
9/5/2017,32.5,23,70.5,38.80,4.13,7.6
9/6/2017,34,23.5,57.5,1.70,2.67,7.1
9/7/2017,30.5,24.5,79.5,0.00,2.7,0
9/8/2017,31,24,77.5,0.30,2.45,0.1
9/9/2017,33.5,24,71,0.10,3.11,5.8
9/10/2017,33.5,23.5,69.5,7.70,2.18,8.3
9/11/2017,34,23.5,81.5,0.00,4.08,9.2
9/12/2017,34,24,72,1.50,3.72,7.5
9/13/2017,32,24.5,80.5,38.70,0.391,1.5
9/14/2017,33.5,22.5,65.5,0.00,3.31,4.9
9/15/2017,35,23.5,62,0.00,4.74,10
9/16/2017,33,23.5,69.5,1.40,3.56,5.3
9/17/2017,33,23,90,2.70,3.29,2.2
9/18/2017,33.5,24.5,64.5,0.00,4.59,7.6
9/19/2017,34.5,24,59,0.00,5.06,9.4
9/20/2017,35,23,59.5,0.00,4.15,10.5
9/21/2017,34,22,78,1.00,4.04,7.9
9/22/2017,35,23,56.5,0.00,4.5,10.6
9/23/2017,31.5,22.5,57.5,0.00,3.08,10
9/24/2017,34.5,22,62,0.00,4.13,8.6
9/25/2017,32.5,23.5,71,2.60,2.27,2.7
9/26/2017,33,24,66,27.20,2.38,4.8
9/27/2017,30,23,84.5,1.60,1.79,0.7
9/28/2017,33.5,22.5,66,0.00,3.96,9.1
9/29/2017,34.5,21.5,62,0.00,3.63,10.6
9/30/2017,34.5,23.5,67,0.00,3.83,9.9
10/1/2017,34.5,25,60.5,0.00,5.86,10
10/2/2017,34.5,25,57.5,0.00,6.15,10.4
10/3/2017,35,24,60,0.00,4.93,10.3
10/4/2017,35,24,61,0.00,5.33,8.7
10/5/2017,35,24,64,0.00,3.13,7
10/6/2017,34.5,24,71.5,0.00,5.05,8.4
10/7/2017,34,24,62,0.00,2.86,6.9
10/8/2017,36,24,63.5,0.00,3.58,6.1
10/9/2017,35,23.5,67,0.00,3.81,6.4
10/10/2017,36,23.5,59,0.00,3.67,8.1
10/11/2017,31.5,23,78,0.00,2.46,0.3
10/12/2017,35.5,23.5,66,0.30,2.68,3.9
10/13/2017,33.5,23.5,70,14.30,2.14,3.4
10/14/2017,28.5,23,91.5,16.40,3.95,0.3
10/15/2017,34,24.5,68,6.10,2.79,8.8
10/16/2017,32.5,24.5,65,0.00,6.36,7.3
10/17/2017,34,24.5,62.5,0.00,6.36,9.4
10/18/2017,34,24,61.5,0.40,4.47,6.7
10/19/2017,32,24,70,13.20,2,5.5
10/20/2017,31,22.5,92,23.40,1.11,2.6
10/21/2017,34,27,63,0.00,4.25,9.8
10/22/2017,34,23,68.5,0.00,2.63,10.1
10/23/2017,35.5,22,62.5,0.00,2.65,8.4
10/24/2017,35.5,22,70.5,74.00,1.58,5.5
10/25/2017,35,23.5,78,0.00,1.24,7.6
10/26/2017,34,22,71,0.00,2.54,10
10/27/2017,35,22.5,73.5,33.30,1.67,8.1
10/28/2017,34.5,23.5,75.5,15.80,1.4,7.3
10/29/2017,34,22.5,79.5,0.60,1.22,5.8
10/30/2017,33.5,22.5,83,2.20,1.29,5.7
10/31/2017,32.5,23.5,80,0.00,2.91,2.9
11/1/2017,35,22.5,75,0.70,1.49,5.3
11/2/2017,33,23,80.5,0.00,1.96,4.6
11/3/2017,34,24,73,3.20,1.48,5.4
11/4/2017,34.5,23.5,82.5,0.00,1.2,5.2
11/5/2017,30.5,23.5,86.5,0.20,1.13,0
11/6/2017,33.5,23,81.5,40.00,1.21,2.4
11/7/2017,31,22.5,84,66.60,1.05,0.6
11/8/2017,34,21.5,90,60.60,0.96,2.3
11/9/2017,34.5,22,79.5,24.90,1.34,4.4
11/10/2017,33.5,23.5,79,0.00,3.18,2.1
11/11/2017,35.5,22.5,67,0.00,2.43,7.7
11/12/2017,34.5,22,67,0.00,3.22,7.7
11/13/2017,33.5,21.5,68,0.00,2.66,10.3
11/14/2017,34.5,19.5,56.5,0.00,2.64,9.3
11/15/2017,35,21.5,57,0.00,3.14,10.3
11/16/2017,35.5,20,57,0.00,3.5,10.2
11/17/2017,36.5,23,53.5,0.00,1.55,10.3
11/18/2017,34.5,23.5,85,15.80,1.15,6.5
11/19/2017,34.5,22,81,12.70,1.25,4.7
11/20/2017,33.5,22,88.5,52.90,1.11,5.2
11/21/2017,35,22.5,74.5,0.00,1.45,7.6
11/22/2017,34,22.5,83,0.00,1.05,5.6
11/23/2017,34.5,23,65.5,0.30,1.36,7.5
11/24/2017,31,24,81.5,0.00,0.52,0
11/25/2017,28.5,23,88,2.40,0.83,0
11/26/2017,28,24,90.5,2.70,0.24,0
11/27/2017,30.5,23.5,87,4.40,0.66,0
11/28/2017,29,24,90.5,12.60,0.6,0.1
11/29/2017,26,23,96,102.40,3.2,0
11/30/2017,29,23,96,47.10,0.37,0
12/1/2017,28.5,22.5,93.5,6.80,0.45,0.1
12/2/2017,32,21.5,74.5,0.00,3.59,3.7
12/3/2017,35,23,70.5,12.20,1.52,8.1
12/4/2017,33,21.5,94,53.10,1.43,5.8
12/5/2017,34,23.5,80,0.90,1.13,5.4
12/6/2017,34.5,22,76,12.90,1.33,7.8
12/7/2017,33.5,22.5,78,15.70,1.62,7.5
12/8/2017,33.5,22,79.5,0.00,1.7,8.5
12/9/2017,34.5,23,72.5,0.00,1.34,8.6
12/10/2017,33.5,23.5,75,0.00,1.58,6.5
12/11/2017,34.5,24.5,68,0.00,1.77,8.8
12/12/2017,33,22.5,78,11.30,1.03,2.6
12/13/2017,34,22.5,74,44.20,1.27,7.6
12/14/2017,33,21.5,77.5,0.00,1.2,6.4
12/15/2017,33,23,79,5.80,1.82,5.1
12/16/2017,33.5,20.5,73,0.00,1.24,6.4
12/17/2017,33,19,68,0.00,3.14,10.4
12/18/2017,34,19.5,62.5,0.00,1.22,9.8
12/19/2017,34,24,72.5,3.60,1.65,8
12/20/2017,27,21.5,96,13.70,0.13,0
12/21/2017,31,22.5,77.5,0.00,1.97,5.2
12/22/2017,33,21.5,67,0.00,1.39,7
12/23/2017,33.5,21.5,72,0.00,1.08,6.7
12/24/2017,33.5,21,72,0.30,1.62,6.7
12/25/2017,34.5,22,73.5,22.30,1.25,8.5
12/26/2017,34.5,23,87,0.00,1.41,5.7
12/27/2017,34,21.5,73.5,0.00,1.37,7.2
12/28/2017,32,22,74.5,0.00,1.2,5.5
12/29/2017,33.5,22.5,73,0.00,1.23,5.4
12/30/2017,32.5,22,72,0.00,0.96,2.3
12/31/2017,34,21,72,0.60,1.23,5.2
1/1/2018,34,22.5,78.5,0.00,1.76,
1/2/2018,33,21.5,83,7.10,1.59,
1/3/2018,33,21.5,79.5,0.00,1.63,
1/4/2018,33,20.5,76,0.00,1.7,
1/5/2018,33,18.5,68,0.00,1.22,
1/6/2018,32,17.5,64.5,0.00,1.03,
1/7/2018,33,17.5,61.5,0.00,1.31,
1/8/2018,33,18.5,67,0.00,1.42,
1/9/2018,33,23.5,72.5,0.00,1.18,
1/10/2018,33,22,74.5,0.00,1.58,
1/11/2018,34,21,70.5,0.30,1.46,
1/12/2018,35.5,21.5,65,0.80,2.32,
1/13/2018,34.5,21.5,65,0.00,1.57,
1/14/2018,33.5,21.5,64.5,0.00,2.16,
1/15/2018,34,16.5,63,0.00,1.88,
1/16/2018,33,20,64,0.00,1.79,
1/17/2018,33.5,19,71.5,0.00,1.63,
1/18/2018,33,20,73,0.00,1.26,
1/19/2018,33.5,19.5,70.5,0.00,1.26,
1/20/2018,33.5,20,76.5,0.00,1.8,
1/21/2018,33.5,20,67,0.00,1.8,
1/22/2018,33,20.5,68.5,0.00,1.55,
1/23/2018,33.5,22,72,0.00,1.6,
1/24/2018,34.5,21.5,69,0.00,1.84,
1/25/2018,34.5,22,67,0.00,2.13,
1/26/2018,34,22,66.5,0.00,1.78,
1/27/2018,34,22.5,68.5,7.00,0.92,
1/28/2018,31.5,22,70.5,0.00,0.91,
1/29/2018,34.5,23.5,73.5,3.30,2.18,
1/30/2018,30.4,23,90,3.00,1.21,
1/31/2018,29.5,22,86.5,0.00,1.18,
2/1/2018,35.5,20.5,72.5,0.00,1.74,
2/2/2018,34,21,65.5,0.00,1.47,
2/3/2018,35,21.5,62,0.00,1.83,
2/4/2018,34.5,21,68.5,0.00,2.14,
2/5/2018,35,21.5,67,0.00,2,
2/6/2018,35,21,68.5,0.00,2.15,
2/7/2018,35.5,22,62,1.10,1.32,
2/8/2018,34.5,22,76,2.10,1.39,
2/9/2018,35.5,23,70.5,0.00,1.66,
2/10/2018,35,20.5,65,0.00,1.73,
2/11/2018,34.5,21,63.5,0.00,1.92,
2/12/2018,35,21,64,3.20,1.81,
2/13/2018,35,20,64.5,0.40,1.95,
2/14/2018,34.5,20,66,0.00,2.85,
2/15/2018,35,21.5,61.5,0.00,3.86,
2/16/2018,34,21,64.5,0.00,3.25,
2/17/2018,35,20.5,68,0.00,2.01,
2/18/2018,35,20,65.5,0.00,2.45,
2/19/2018,35.5,20,59,0.00,1.81,
2/20/2018,35,20,50.5,0.00,1.79,
2/21/2018,36,20.5,62.5,0.00,2.76,
2/22/2018,36,20.5,70,0.00,2.6,
2/23/2018,37,21,55.5,0.00,1.82,
2/24/2018,35.5,23,66.5,0.00,2.5,
2/25/2018,33,24,63.5,0.00,2.58,
2/26/2018,36,22,61.5,0.60,2,
2/27/2018,35.5,23,69,1.70,3.3,
2/28/2018,35,22.5,68,16.10,2.45,
3/1/2018,35.5,21.5,62.5,0.00,2.79,
3/2/2018,35,22.5,64.5,0.00,2.2,
3/3/2018,36,22.5,64,28.20,2.08,
3/4/2018,34,22,76,0.90,2.08,
3/5/2018,35.5,23,68.5,87.00,1.9,
3/6/2018,35,21.5,76,77.00,2.27,
3/7/2018,34.5,22.5,75.5,0.00,1.49,
3/8/2018,35,23.5,63.5,0.00,1.43,
3/9/2018,31.5,21.5,78,0.00,2.26,
3/10/2018,30.5,22,80.5,0.90,1.53,
3/11/2018,32,25,76.5,21.90,2.8,
3/12/2018,28,23,88.5,6.00,2.01,
3/13/2018,32.5,22,75,0.00,1.65,
3/14/2018,34,21,76.5,1.10,2.46,
3/15/2018,35,23,67.5,0.00,2.07,
3/16/2018,35,24,70,4.60,2,
3/17/2018,34.5,22,72.5,2.60,1.58,
3/18/2018,35,23,74.5,0.00,2.05,
3/19/2018,35.5,22.5,61.5,0.00,1.78,
3/20/2018,36,23,66,0.00,1.72,
3/21/2018,35,22,72.5,0.00,2,
3/22/2018,36,21.5,57,1.30,2.5,
3/23/2018,35.5,21.5,64.5,0.00,1.85,
3/24/2018,36,20.5,74,0.00,1.64,
3/25/2018,35.5,23,77,0.00,1.81,
3/26/2018,35,23,63.5,0.60,1.89,
3/27/2018,34.5,22,74.5,0.00,1.6,
3/28/2018,36,22,68.5,0.00,1.93,
3/29/2018,35.5,21.5,69,0.00,2.45,
3/30/2018,36,23,71,1.70,2.24,
3/31/2018,36,22.5,64,0.00,1.83,
4/1/2018,36,22,73.5,0.00,2.32,
4/2/2018,35,22,73.5,0.00,2.09,
4/3/2018,35.5,22.5,68,0.00,2,
4/4/2018,36,23,66,0.00,1.34,
4/5/2018,35,23,78,0.00,1.83,
4/6/2018,35,23,80,21.80,1.46,
4/7/2018,31.5,22,90.5,54.70,1.13,
4/8/2018,34.5,23,81,1.30,1.47,
4/9/2018,35,22,90.5,58.20,1.77,
4/10/2018,35.5,22.5,75,15.00,1.79,
4/11/2018,34.5,23.5,79.5,0.00,1.49,
4/12/2018,35,24.5,73.5,3.60,1.89,
4/13/2018,31,23,86.5,34.50,0.94,
4/14/2018,35,23,77,0.00,1.39,
4/15/2018,32,23,75.5,0.00,1.71,
4/16/2018,35,23,73,0.00,1.91,
4/17/2018,35,23.5,81,0.00,1.7,
4/18/2018,32,23,84.5,0.00,1.08,
4/19/2018,34.5,23,73,0.00,1.78,
4/20/2018,36.5,23,65.5,23.80,1.68,
4/21/2018,36.5,23,69,0.00,1.43,
4/22/2018,36,23.5,71,0.00,1.78,
4/23/2018,37,24,67.5,0.00,1.84,
4/24/2018,35,23.5,77,0.00,2.33,
4/25/2018,35.5,22.5,67,0.00,1.74,
4/26/2018,36,22,81.5,4.50,1.54,
4/27/2018,36,22.5,72.5,0.00,1.8,
4/28/2018,34,23,81,3.00,1.52,
4/29/2018,37,22,70.5,0.00,1.25,
4/30/2018,36,23,67.5,0.50,1.92,
5/1/2018,35.5,24,76,0.00,2.08,
5/2/2018,36.5,24.5,77.5,0.00,1.75,
5/3/2018,35.5,22.5,89,27.80,1.6,
5/4/2018,35,23.5,78,0.00,1.5,
5/5/2018,34,24.5,76,0.10,1.73,
5/6/2018,32,24.5,82,0.00,1.5,
5/7/2018,34,24,83,2.90,1.76,6.7
5/8/2018,33,23,92,0.00,2.16,5.2
5/9/2018,32,23,82,0.00,2.62,6.3
5/10/2018,33,22.5,71,0.10,2.04,6.8
5/11/2018,32.5,23,88,0.00,1.57,4.4
5/12/2018,34.5,23,78,0.00,1.68,6.6
5/13/2018,33.5,23.5,78,0.00,1.68,6.3
5/14/2018,34.5,22.5,78,15.50,1.6,6.8
5/15/2018,35.5,24,80,37.80,1.57,6.6
5/16/2018,34,23.5,78,0.00,1.71,7.1
5/17/2018,33.5,23,75,23.30,1.89,0.1
5/18/2018,31.5,23.5,75,5.00,1.54,3.3
5/19/2018,34.5,23.5,77,0.00,1.77,4.7
5/20/2018,32.5,24,71,31.50,1.99,1.6
5/21/2018,32.5,23.5,86,7.40,2.58,0.9
5/22/2018,33,23,75,11.70,1.28,4
5/23/2018,31,22.5,85,3.20,1.43,0.8
5/24/2018,32.5,23.5,78,0.70,3.15,5.9
5/25/2018,32.5,23,85,2.00,1.54,3.7
5/26/2018,30.5,24.5,85,4.50,2.2,2.3
5/27/2018,32,24.5,88,5.90,3.47,3.3
5/28/2018,33,25,88,0.00,6.35,4.3
5/29/2018,33.5,24.5,69,0.00,8.86,9.5
5/30/2018,34.5,25,69,0.00,5.28,9.4
5/31/2018,34.5,24.5,75,0.00,3.7,8.8
6/1/2018,33,24.5,75,0.00,3.43,7.5
6/2/2018,32,25.5,71,1.60,5.2,4.2
6/3/2018,33.5,24.5,71,0.00,4.28,7.2
6/4/2018,33.5,24,60,0.00,3.59,8.7
6/5/2018,34,24,67.5,0.00,2.55,7.4
6/6/2018,33,24.5,78.5,0.40,2.29,2.8
6/7/2018,31.5,24,83,1.70,3.98,4.4
6/8/2018,33.5,24.5,62,1.50,4.63,9.3
6/9/2018,32,24,69,2.80,5.38,5.4
6/10/2018,33,24,72.5,0.30,3.3,5.5
6/11/2018,34.5,24,55.5,0.00,3.9,10.6
6/12/2018,33.5,23,57.5,0.00,4.48,9.4
6/13/2018,33.5,23,65.5,3.60,3.83,8.6
6/14/2018,33.5,24.5,64,0.00,2.66,8.4
6/15/2018,33.5,24,71.5,7.00,3.26,8.3
6/16/2018,32.5,24.5,78,0.70,3.46,5.3
6/17/2018,33,24.5,72,0.50,3.43,6.5
6/18/2018,32,23,78.5,4.80,2.32,4.3
6/19/2018,32,22,69,0.30,4.11,8.9
6/20/2018,33.5,23,59.5,0.00,3.98,9.8
6/21/2018,33.5,23,70.5,0.00,3.6,8.6
6/22/2018,32.5,23,72,0.50,2.97,7
6/23/2018,34,23,68,0.00,2.83,9.8
6/24/2018,34.5,23,61,0.00,3.61,8.9
6/25/2018,34,24,68.5,0.00,7.6,8.8
6/26/2018,32.5,24.5,65.5,1.10,6.72,9.2
6/27/2018,31,24,66.5,0.80,6.64,2.6
6/28/2018,33.5,23,75.5,1.10,5.47,6
6/29/2018,33,23,63,0.00,7.61,8.9
6/30/2018,34.5,22.5,61.5,0.00,4.57,8.1
7/1/2018,35.5,22.5,76,0.00,4.4,9
7/2/2018,34.5,25,64.5,0.00,4.2,8.4
7/3/2018,35,23.5,59.5,0.00,4.55,9
7/4/2018,34.5,24,58,0.00,6.66,10
7/5/2018,34,23,58.5,0.00,4.63,9.4
7/6/2018,34,,62,0.00,6.78,8.6
7/7/2018,34,,59,0.00,7.21,8
7/8/2018,33.5,,59.5,0.30,5.79,6.9
7/9/2018,33.5,,63,1.40,3.97,8.1
7/10/2018,33.5,,62.5,0.00,5.54,7.8
7/11/2018,30,,58,0.00,6.96,1.4
7/12/2018,33.5,,58,0.00,7.71,7.7
7/13/2018,33.5,,54,0.00,8.24,9.4
7/14/2018,33.5,,64,0.30,5.28,7.3
7/15/2018,33,,67,0.30,6.94,8.5
7/16/2018,30,,67,2.00,9.26,3.2
7/17/2018,33,,60.5,0.00,10.07,7.1
7/18/2018,33,,57.5,0.00,10.76,9.5
7/19/2018,33,,65,0.00,9.04,5.1
7/20/2018,32,,58,0.00,9.75,5.6
7/21/2018,33.5,,58.5,0.00,8.88,8.6
7/22/2018,34,,57,0.00,10.62,10.4
7/23/2018,33.5,,62,0.40,9.28,8.8
7/24/2018,33,,65,0.00,10.11,7.6
7/25/2018,34,,65.5,0.00,10.02,9.1
7/26/2018,33.5,,64.5,0.00,10.42,9
7/27/2018,33,,59.5,0.00,9.18,7.6
7/28/2018,34.5,,56.5,0.00,7.55,9
7/29/2018,34.5,,56,0.00,4.83,10
7/30/2018,33.5,24,61,0.20,4.68,6.6
7/31/2018,34,23.5,60,0.50,3.61,7
8/1/2018,33.5,23,61.5,0.00,3.28,6.4
8/2/2018,33.5,22.5,65.5,0.00,2.84,8.8
8/3/2018,35,24.5,57.5,0.00,6.68,8.3
8/4/2018,34.5,24,81.5,0.00,6.23,10
8/5/2018,34.5,24,59,0.00,6.7,8.1
8/6/2018,34,24.5,52,0.30,7.18,10
8/7/2018,34,26,54,0.00,8.16,9.7
8/8/2018,33.5,23,62.5,0.40,5.89,9.4
8/9/2018,32.5,25,56.5,0.00,7.35,6.9
8/10/2018,33,26,63.5,0.00,7.74,4.8
8/11/2018,34,26,72,0.00,8.27,9.9
8/12/2018,34,24.5,63,0.60,5.61,4.9
8/13/2018,34,23.5,63.5,0.00,4.31,8.5
8/14/2018,33.5,25,62,1.30,5.8,8.9
8/15/2018,31.5,24,78,2.10,6.75,2.5
8/16/2018,32,25,73,0.40,7.65,3.6
8/17/2018,31,25,66,0.30,11.04,4.5
8/18/2018,31.5,25,69.5,0.00,11.5,4.9
8/19/2018,31,26,67,0.00,10.22,4.5
8/20/2018,32,25.5,62.5,0.00,9.96,10.2
8/21/2018,34,25.5,58.5,0.00,10,9.7
8/22/2018,33.5,26,58,0.00,9.93,10.2
8/23/2018,35.5,23.5,60,0.00,5.33,8.5
8/24/2018,37,22,61.5,0.00,3.04,5.8
8/25/2018,34.5,25,58.5,0.00,6.32,8.5
8/26/2018,33.5,21.5,59.5,0.00,10.21,9.9
8/27/2018,34,24.5,56,0.00,8.06,10.2
8/28/2018,36,25,54,0.00,7.27,8.3
8/29/2018,35,25.5,57,0.00,7.71,6.5
8/30/2018,35.5,24,56.5,0.00,6.09,7
8/31/2018,34.5,23.5,59,0.00,5.16,9.2
9/1/2018,34.5,21.5,74.5,0.00,3.7,5.4
9/2/2018,36,24,53,0.00,6.18,10.8
9/3/2018,36.5,21,51.5,0.00,3.6,10
9/4/2018,36,21.5,58,0.00,4.19,10
9/5/2018,36,21.5,51.5,0.00,4.8,8.5
9/6/2018,36,23,49,0.00,5.21,9
9/7/2018,35.5,25,54.5,0.00,7.98,9.2
9/8/2018,36,23,52,0.00,6.49,8.9
9/9/2018,36.5,22.5,53,0.00,2.88,6.1
9/10/2018,37.5,21,62,1.00,2.8,7.6
9/11/2018,38,21.5,62.5,0.00,3.26,8.8
9/12/2018,38,21.5,59,0.00,2.7,8.4
9/13/2018,36.5,21,66.5,0.00,2.22,6.6
9/14/2018,37,20,60,0.00,3.77,7.3
9/15/2018,37,21,53.5,0.00,3.49,10.4
9/16/2018,36,20.5,56.5,0.00,5.05,8.6
9/17/2018,35,24,53.5,0.80,3.86,1.8
9/18/2018,34.5,23,54.5,0.30,5.37,5.7
9/19/2018,34.5,23,60.5,0.00,3.38,3.2
9/20/2018,34,22.5,60.5,6.20,3.38,6.2
9/21/2018,30,22.5,84.5,4.50,1.59,0.6
9/22/2018,34.5,22.5,70,19.10,2.53,5.6
9/23/2018,36,23.5,84.5,13.00,1.87,5.1
9/24/2018,32,23.5,65.5,1.50,1.9,3.8
9/25/2018,35,23,72.5,0.00,1.49,4.5
9/26/2018,33.5,22.5,83,0.60,1.82,4.5
9/27/2018,33.5,23,88,1.60,1.79,4.9
9/28/2018,34.5,23.5,88.5,5.30,1.66,6.8
9/29/2018,34,22.5,79,27.00,1.71,5.4
9/30/2018,34.5,23.5,85,78.10,1.32,6
10/1/2018,33.5,23,74,11.30,1.64,6.7
10/2/2018,33,24,80,2.70,1.48,2.5
10/3/2018,33.5,23,78,0.80,1.62,4.8
10/4/2018,35,23.5,72,21.50,1.76,4.4
10/5/2018,32.5,24,75.5,0.00,2.26,4.3
10/6/2018,32.5,24,81.5,2.90,2.09,3.9
10/7/2018,32,24,84.5,0.00,1.72,0.8
10/8/2018,35,24,72.5,0.00,7.09,4.8
10/9/2018,29,24,80.5,0.00,4.45,0
10/10/2018,34.5,23.5,69,0.00,1.73,4.1
10/11/2018,33,23,83.5,21.70,1.42,2.6
10/12/2018,32.5,22.5,88.5,23.70,1.64,2.9
10/13/2018,30,22,94,19.00,0.98,0.8
10/14/2018,33,22,69,0.00,2.27,9.1
10/15/2018,34,22.5,76,23.50,1.54,0.7
10/16/2018,33.5,22,74.5,24.80,1.77,1.6
10/17/2018,32.5,21,72.5,5.10,1.43,2.3
10/18/2018,36,23,65,5.70,1.66,9.2
10/19/2018,33.5,22.5,79.5,10.30,2.18,7.7
10/20/2018,32,22,86,1.60,0.95,2.9
10/21/2018,33.5,23,79.5,2.30,1.47,6.3
10/22/2018,33.5,23.5,76.5,30.90,1.36,6.1
10/23/2018,34.5,22.5,85,9.00,1.14,6.9
10/24/2018,34,22.5,78,58.20,1.32,7.1
10/25/2018,32.5,22,79,8.70,0.74,2.6
10/26/2018,35.5,23,86.5,38.80,0.99,7.4
10/27/2018,33,23,83,5.00,1.12,5.8
10/28/2018,33,23,92,36.50,1.2,4
10/29/2018,33.5,24.5,81.5,12.00,0.98,8.1
10/30/2018,33.5,24,72.5,0.00,3.33,8.2
10/31/2018,33.5,23,81,2.80,1.01,4
11/1/2018,31.5,22.5,76,0.00,2.48,5.2
11/2/2018,32.5,23,77,0.00,0.87,1.5
11/3/2018,31,23,76.5,0.00,1.2,4.4
11/4/2018,34,24,68,1.20,2.06,5.6
11/5/2018,30.5,22.5,85.5,11.00,0.95,0
11/6/2018,27.5,23,92,0.30,0.18,0
11/7/2018,33.5,22.5,83.5,18.40,1.41,3.8
11/8/2018,33.5,23,80.5,28.60,1.15,4.8
11/9/2018,29,21.5,90,0.70,0.5,0.6
11/10/2018,33,22,67.5,0.00,1.36,9.4
11/11/2018,34.5,21.5,74.5,0.00,1.48,8.5
11/12/2018,34,21.5,68,0.00,1.83,8.4
11/13/2018,33.5,21.5,59,0.00,3.77,9.3
11/14/2018,34.5,22.5,58,0.00,1.81,9
11/15/2018,35,22.5,69.5,0.00,0.31,8.1
11/16/2018,33.5,21.5,74.5,4.60,3.03,7.5
11/17/2018,34,22,80,0.60,1.3,7.6
11/18/2018,35,23,76,2.30,1.24,6.4
11/19/2018,33.5,23,84,10.80,1.06,4.5
11/20/2018,32.5,22.5,78,0.00,1.45,6.6
11/21/2018,34,23.5,75.5,1.80,1.08,7.6
11/22/2018,29.5,23.5,80,0.00,1.26,6.3
11/23/2018,31.5,22.5,77.5,1.80,1.13,5.8
11/24/2018,33,22,84.5,7.50,0.98,5.9
11/25/2018,34,22.5,84.5,34.80,1.02,7.2
11/26/2018,34.5,22,75.5,35.10,1.9,8
11/27/2018,33.5,23,69,0.00,0.32,7.6
11/28/2018,33.5,22,71,0.00,2.12,5.3
11/29/2018,33.5,22,73.5,0.00,1.23,6.4
11/30/2018,32,20.5,70,0.00,2.07,7.1
12/1/2018,34,20.5,69.5,0.00,1.21,10.6
12/2/2018,35.5,22,70.5,0.00,0.96,9.3
12/3/2018,33,22,79.5,44.60,1,3
12/4/2018,34,23,71,0.00,1.81,10
12/5/2018,29.5,25.5,86.5,0.00,1.4,0.2
12/6/2018,32,22.5,79.5,0.00,1.35,2.7
12/7/2018,32,22,74,0.00,1.63,4.2
12/8/2018,33,23,79,0.00,0.98,3.5
12/9/2018,28,23,92,0.00,0.16,0
12/10/2018,32,22.5,80.5,0.00,0.63,6
12/11/2018,31.5,22,82.5,0.00,0.77,2.3
12/12/2018,31.5,21,77,0.00,0.88,4.3
12/13/2018,33,21,71,0.00,1.32,5.9
12/14/2018,32,20,78.5,0.00,0.63,3.8
12/15/2018,32.5,19.5,72.5,0.00,1.29,7.3
12/16/2018,34.5,20.5,65,0.00,1.48,9.3
12/17/2018,34.5,21,66.5,0.00,1.23,9.2
12/18/2018,33,21,74,0.00,1.17,6
12/19/2018,34.5,21.5,76,0.00,1.1,8.3
12/20/2018,33.5,22,73.5,0.00,1.22,4.8
12/21/2018,30,23.5,90.5,42.30,0.68,0.8
12/22/2018,34,22,73.5,58.20,1.05,6.8
12/23/2018,33.5,22.5,77,0.00,1.57,9.1
12/24/2018,34,22,79.5,0.90,1.22,8
12/25/2018,34.5,21.5,76,1.50,1.81,9
12/26/2018,35,21.5,70,67.60,1.4,8.9
12/27/2018,33.5,22.5,75,0.00,0.99,7.6
12/28/2018,32.5,21.5,73,0.00,1.4,7.7
12/29/2018,32,19,72.5,0.00,2.13,8.5
12/30/2018,32,20,69,0.00,1.85,8.6
12/31/2018,33.5,22,75.5,0.00,1.45,8.3
1/1/2019,33,22,70.5,0.00,1.34,8.7
1/2/2019,34,21,67.5,0.00,1.14,8.8
1/3/2019,34.5,21,68.5,0.00,1.13,8.3
1/4/2019,34.5,19.5,62,0.00,1.3,9.3
1/5/2019,34.5,20.5,67,0.00,1.48,9.5
1/6/2019,34,19,65.5,0.00,1.04,9.4
1/7/2019,35,21,70,0.00,1.44,8.8
1/8/2019,35.5,21.5,69.5,0.00,1.36,9.1
1/9/2019,34,21.5,67,0.00,1.42,8.7
1/10/2019,33.5,22.5,71,0.00,1.83,8.8
1/11/2019,34.5,23,63,0.00,1.39,3.6
1/12/2019,33,22,77,0.00,1.85,2.3
1/13/2019,32.5,23,85,0.10,0.04,1.2
1/14/2019,32.5,21.5,67,0.00,1.38,3.2
1/15/2019,35,22,66,0.00,1.38,6.4
1/16/2019,34.5,21,68.5,0.00,1.33,4.8
1/17/2019,34,19,61,0.00,1.59,8.5
1/18/2019,34,19,67,0.00,1.2,8.1
1/19/2019,34,22,59.5,0.00,0.77,5.6
1/20/2019,35,19.5,64.5,0.00,1.33,5.6
1/21/2019,33.5,20,69,0.00,0.94,4
1/22/2019,35,20.5,69,0.00,1.63,8
1/23/2019,35,21,60,0.00,1.49,9.3
1/24/2019,35.5,21,68.5,0.10,1.54,7.6
1/25/2019,36,22.5,66,2.00,1.54,7.5
1/26/2019,35.5,23,68.5,1.90,1.43,6.7
1/27/2019,35,23,71,0.80,1.75,6.2
1/28/2019,34.5,21,72,2.90,1.55,6.1
1/29/2019,35,20.5,63.5,0.00,1.28,10.2
1/30/2019,34.5,19.5,63.5,0.00,1.4,8.9
1/31/2019,34,21,62.5,0.00,2.88,9.7
2/1/2019,36,21,61.5,0.00,1.65,8.9
2/2/2019,36,22,69,69.60,1.53,7.5
2/3/2019,34.5,22.5,68.5,0.00,1.5,8.2
2/4/2019,33,22,84.5,0.20,1.41,2.8
2/5/2019,34,23.5,79.5,0.00,1.21,4.3
2/6/2019,34,22,71.5,0.00,0.94,2.2
2/7/2019,34.5,23.5,74.5,0.00,1.48,6.1
2/8/2019,34,23,81,20.30,1.37,3.9
2/9/2019,33.5,22.5,60,3.40,0.73,5.5
2/10/2019,34,21,73.5,0.00,1.44,8.2
2/11/2019,34,21,69,0.00,3.33,8.4
2/12/2019,33,20.5,60.5,0.00,5.17,9.7
2/13/2019,34,23,61,0.00,3.84,9.3
2/14/2019,35,25,67,0.00,2.87,9.1
2/15/2019,35.5,23,66.5,0.00,1.35,8.2
2/16/2019,34.5,21.5,68.5,27.30,1.69,8
2/17/2019,36,23,78.5,14.50,1.59,6.2
2/18/2019,35,22.5,70,0.30,1.31,7.8
2/19/2019,34,23,66.5,0.00,1.82,9.8
2/20/2019,33,20.5,63,0.00,3.11,8.9
2/21/2019,35,21,64,0.00,2.4,10.7
2/22/2019,34.5,19,65,0.00,1.9,10.2
2/23/2019,34.5,19,63.5,0.00,1.68,10.9
2/24/2019,34.5,19,62,0.00,1.73,10
2/25/2019,34.5,23,65,2.10,1,9.5
2/26/2019,35,23.5,92,44.70,1.65,6.1
2/27/2019,31,22,92,6.20,1.1,1.4
2/28/2019,34.5,23,74.5,0.00,0.93,6.1
3/1/2019,35,21.5,67,0.00,0.99,8.7
3/2/2019,35,22.5,73,0.00,1.11,8.6
3/3/2019,35.5,23,68,0.00,1.56,7.6
3/4/2019,33,22,79,4.00,1.38,1.4
3/5/2019,36,23,76,33.00,2.01,7.3
3/6/2019,34,23,72.5,0.10,1.24,6.1
3/7/2019,35,22.5,76,0.00,2.1,5.8
3/8/2019,34.5,22.5,69.5,0.00,2.06,9.3
3/9/2019,35,22.5,72.5,14.40,1.89,8.6
3/10/2019,35,21,73,0.00,1.59,7.9
3/11/2019,35.5,20,62.5,0.00,1.59,9
3/12/2019,35,22,67,0.00,1.17,8.8
3/13/2019,31.5,22,79,0.00,0.86,0.4
3/14/2019,36.5,20,59.5,0.00,1.4,10.1
3/15/2019,35.5,22,63,0.00,1.29,8
3/16/2019,36,22.5,72.5,0.00,1.5,5.8
3/17/2019,31.5,23,70.5,0.00,1.63,0.7
3/18/2019,35,21.5,78,0.00,2.08,6.9
3/19/2019,36,20.5,61.5,0.00,2.17,10
3/20/2019,36,22.5,59.5,0.00,1.51,9.7
3/21/2019,34,22,80.5,8.70,1.41,4.8
3/22/2019,36,22,67,0.00,1.42,8.7
3/23/2019,37,22.5,62,6.40,1.25,8.3
3/24/2019,36.5,21,62,0.00,1.32,9.5
3/25/2019,36,19.5,57,0.00,2.55,10.5
3/26/2019,36,20,53,0.00,1.77,9.9
3/27/2019,38,21.5,63.5,0.00,1.47,10.3
3/28/2019,37,21,62,0.00,1.88,8.7
3/29/2019,37.5,22,59,0.00,2.03,9.6
3/30/2019,37,22,67,0.00,2.53,9.2
3/31/2019,38.5,22,64,0.00,2.02,9.6
4/1/2019,38,21,56.5,0.00,2.13,8.8
4/2/2019,37,22,58.5,0.00,1.74,8.8
4/3/2019,36,22,63.5,0.00,1.86,9.7
4/4/2019,37,22,62.5,0.00,1.84,10.3
4/5/2019,36.5,22.5,58,0.00,1.95,7.6
4/6/2019,38.5,23,61.5,26.70,1.74,7.5
4/7/2019,37,23,68.5,0.00,1.71,8.1
4/8/2019,36.5,24,68.5,0.00,2.28,9.3
4/9/2019,37,23,59,2.30,1.4,6.8
4/10/2019,38,24,65.5,0.00,1.85,8.4
4/11/2019,35.5,23.5,68,0.00,1.14,3
4/12/2019,37.5,23.5,71.5,12.80,1.35,8.1
4/13/2019,37,24.5,73,1.00,1.8,9.1
4/14/2019,36,23.5,71,10.00,1.36,7.9
4/15/2019,36.5,23,78,0.00,0.7,7.4
4/16/2019,37,23,74,8.40,1.95,8.4
4/17/2019,35.5,22.5,71,26.40,1.91,8.3
4/18/2019,36,24,72.5,0.00,1.47,8.8
4/19/2019,35.5,23.5,72,0.00,1.97,6.8
4/20/2019,35.5,23,85.5,19.80,1.26,8.4
4/21/2019,37,23.5,81.5,21.00,1,6.9
4/22/2019,36,23,77,29.70,1.58,8.3
4/23/2019,36.5,23,68.5,47.00,1.32,7.9
4/24/2019,37,24,70,0.00,1.18,7.9
4/25/2019,36,24,84.5,21.60,1.11,4.3
4/26/2019,32,24.5,83,0.00,1.08,1.2
4/27/2019,32.5,25,88.5,0.00,0.42,0
4/28/2019,34.5,24,82.5,0.00,2.27,3.9
4/29/2019,34,24,80,2.40,2.09,1.2
4/30/2019,33.5,24,80,1.20,3,2.1
5/1/2019,35.5,24.5,64,0.00,4.37,9.9
5/2/2019,34,24.5,78.5,0.00,2.19,4.1
5/3/2019,34,24.5,83,13.40,2.17,4.8
5/4/2019,35.5,22.5,71,0.00,2.4,10.2
5/5/2019,36,20.5,66.5,0.00,2.41,8.7
5/6/2019,35,22,75,0.00,5.53,10.2
5/7/2019,35,23.5,65,0.00,3.1,9.2
5/8/2019,35.5,22,60.5,0.00,4.76,10.1
5/9/2019,36.5,22.5,56.5,0.00,2.23,10.1
5/10/2019,35.5,22,73.5,0.00,3.05,9
5/11/2019,35.5,22.5,62,0.00,3.39,9.8
5/12/2019,35,24,64,0.00,3.2,8.3
5/13/2019,35.5,23.5,58,0.00,2.03,8.7
5/14/2019,35.5,25,65.5,0.00,3.63,8.8
5/15/2019,36.5,23,59.5,0.00,3.13,8.9
5/16/2019,35.5,22,66.5,0.00,1.92,9.4
5/17/2019,37,23,64.5,0.00,1.85,10
5/18/2019,37,23,69,0.00,2.12,7.6
5/19/2019,36.5,23,,5.70,2.12,
5/20/2019,35,23,76,0.00,1.99,7.7
5/21/2019,35,24,77.5,5.50,1.76,7
5/22/2019,31,23,82.5,0.00,2.22,2.2
5/23/2019,31.5,23.5,76.5,4.00,3.23,3.1
5/24/2019,34,23.5,76.5,0.00,2.28,8.6
5/25/2019,34,23,69,0.00,4.14,9.7
5/26/2019,35.5,23,60,0.00,3.27,10.4
5/27/2019,35.5,23,61,0.00,3.49,9.5
5/28/2019,37.5,25,61.5,0.00,1.66,10.3
5/29/2019,36,23.5,71.5,0.10,3.04,8.6
5/30/2019,34.5,24.5,71.5,23.00,2.2,4.3
5/31/2019,34,29,69,0.00,5.27,9.5
6/1/2019,35,29.2,61,0.00,4.23,9.2
6/2/2019,36,29.2,59,0.00,3.39,7.6
6/3/2019,36,29.8,58.5,0.00,4.04,8.4
6/4/2019,35.5,24,63,0.00,2.98,5.7
6/5/2019,34.5,24,63.5,2.80,2.18,8.1
6/6/2019,36,24,73.5,13.10,2.09,4.3
6/7/2019,33,24,92,15.60,1.86,2.1
6/8/2019,33.5,23.5,70,0.00,3.62,3.4
6/9/2019,33.5,24.5,66.5,2.10,5.72,8.4
6/10/2019,33.5,24,70.5,0.60,3.75,5.4
6/11/2019,35,24,62,0.00,3.37,8.9
6/12/2019,33.5,24,65,0.00,7.28,3.9
6/13/2019,33.5,24.5,60,0.00,5.15,6.7
6/14/2019,35,23,78.5,0.70,2.32,6.8
6/15/2019,35.5,24,73.5,0.00,4.69,9.3
6/16/2019,36,25,64,0.00,3.55,9.8
6/17/2019,35,25,69.5,0.00,3.89,5.3
6/18/2019,37,24.5,64,0.00,4.05,9.6
6/19/2019,35,25.5,58.5,0.00,4.3,8.7
6/20/2019,34.5,24,62,4.40,6.54,5.8
6/21/2019,32,23,83.5,2.80,6.94,1.4
6/22/2019,33,25,71,1.40,7.81,5.7
6/23/2019,34.5,24.5,68.5,0.00,5.13,6.8
6/24/2019,35,24,64.5,0.00,2.9,6.8
6/25/2019,35,23.5,65.5,0.00,2.36,4.4
6/26/2019,36,23,62,0.00,3.36,7.7
6/27/2019,36.5,23,53.5,0.00,4.03,9.8
6/28/2019,36,22.5,55.5,0.00,3.64,9.7
6/29/2019,36.5,22.5,54,0.00,3.92,9.8
6/30/2019,35,22.5,59,0.00,4.68,6.8
7/1/2019,35,24,58.5,0.00,3.39,5.2
7/2/2019,35.5,23,62.5,0.00,4.33,6.4
7/3/2019,34,23,60.5,0.00,3.9,4.7
7/4/2019,35.5,23,59.5,0.00,5.53,10
7/5/2019,34.5,23,65,0.00,4.17,7.6
7/6/2019,35.5,22,64.5,0.00,2.83,8.3
7/7/2019,37.5,22.5,63.5,0.00,4.01,8.7
7/8/2019,37.5,23.5,58,0.00,4.15,9.4
7/9/2019,33.5,23,58,0.40,5.12,7.2
7/10/2019,37,23.5,62,0.00,3.46,9
7/11/2019,37.5,22,55,0.00,2.9,7.9
7/12/2019,36,24.5,67,1.50,3.1,6.7
7/13/2019,35,22,66,0.00,3.79,8.6
7/14/2019,35,22,60,0.00,2.67,7.2
7/15/2019,36,25,61,0.00,4.06,9
7/16/2019,37,24,55,0.00,4.11,9.8
7/17/2019,35,25,74,0.00,5.35,2.4
7/18/2019,32,24,77.5,7.00,6.6,2.6
7/19/2019,32,23.5,65,0.00,9.78,5.4
7/20/2019,32,24,67.5,0.00,9.27,1.3
7/21/2019,33.5,24,68.5,11.00,5.75,4.2
7/22/2019,30.5,23.5,71.5,0.00,6.37,0
7/23/2019,34.5,24,69.5,0.00,7.69,8.5
7/24/2019,34.5,22,67,0.00,3.89,9.8
7/25/2019,34.5,23,66.5,0.00,3.98,7.7
7/26/2019,36,21.5,55,0.00,3.2,10.4
7/27/2019,36.5,21,56,0.00,2.9,9.9
7/28/2019,36,22,57.5,0.00,3.88,9.4
7/29/2019,36.5,21.5,57,0.00,3.36,9.5
7/30/2019,37.5,22,57,0.00,3.53,10
7/31/2019,37.5,23,59,0.00,3.71,9.1
8/1/2019,34.5,24.5,63,0.00,4.48,8.4
8/2/2019,35,23.5,65,0.00,5.36,5.7
8/3/2019,36,23.5,60,0.00,6.21,10
8/4/2019,34.5,24,60,0.00,6.13,5.5
8/5/2019,35.5,25,57.5,1.30,7.23,8.7
8/6/2019,32,25,73.5,3.00,5.48,3
8/7/2019,33,23,67.5,11.90,6.31,6
8/8/2019,31.5,22,77.5,3.80,2.74,1.1
8/9/2019,33,23,81,3.50,3.22,1.9
8/10/2019,32.5,24,77.5,12.70,7.35,3.4
8/11/2019,32,24,67,0.00,9.65,2.5
8/12/2019,32,23.5,59.5,0.00,7.81,2.9
8/13/2019,33.5,24,73,10.50,5.44,2.5
8/14/2019,33,24,71.5,6.90,6.93,3.1
8/15/2019,33,25,68,0.00,5.58,5.1
8/16/2019,32,23.5,73,0.00,4.26,0.6
8/17/2019,31.5,23.5,72,0.20,1.9,0.9
8/18/2019,33.5,22.5,71.5,0.60,3.86,6.7
8/19/2019,34.5,22.5,66,0.00,2.41,9.9
8/20/2019,34.5,23,65.5,0.00,6.46,10.1
8/21/2019,33,23.5,74,0.00,3.97,3.8
8/22/2019,30,22.5,80.5,15.30,2.45,1.7
8/23/2019,29,22.5,84.5,7.90,1.21,0.2
8/24/2019,31.5,23.5,78.5,13.00,2.53,2
8/25/2019,31,22.5,75,6.70,2.58,0.8
8/26/2019,31,23,78,0.40,1.41,0.3
8/27/2019,33.5,23,66,0.00,2.51,5.9
8/28/2019,33,23,68.5,0.00,2.28,4.8
8/29/2019,33.5,22.5,69,17.20,2.97,5.6
8/30/2019,33,23,74.5,0.00,3.22,4.4
8/31/2019,32,23,68.5,10.50,4.14,7.5
9/1/2019,28,23.5,90,24.40,1.35,0
9/2/2019,33,24,80.5,0.00,3.83,4.2
9/3/2019,33,23.5,67.5,0.00,4.51,9.9
9/4/2019,33,23.5,70.5,1.00,4.84,9.1
9/5/2019,33.5,23,76.5,5.50,2.15,7.4
9/6/2019,34,22.5,75.5,2.80,2.24,7.5
9/7/2019,34.5,24.5,57.5,0.00,6.24,8.3
9/8/2019,35,24,55.5,0.00,9.29,8.7
9/9/2019,35.5,23,58,0.00,5.52,7.2
9/10/2019,36,23,61,0.00,4.05,8.8
9/11/2019,34.5,23,66,5.90,2.38,6.3
9/12/2019,33,23,69.5,3.50,1.44,2.2
9/13/2019,33.5,22,68,0.00,2.27,5.1
9/14/2019,31.5,24,72,0.40,3.6,3.9
9/15/2019,29,23,86,12.10,2.02,0
9/16/2019,30,23,84.5,4.80,1.3,0.2
9/17/2019,30,22,87,5.20,1.47,4.3
9/18/2019,32,23,75.5,3.30,2.65,0.3
9/19/2019,31.5,23,81.5,9.30,1.66,2.2
9/20/2019,31.5,22.5,84.5,4.10,1.5,1.2
9/21/2019,32.5,23,76.5,10.00,4.48,5.5
9/22/2019,32,24,83,3.00,1.86,2.1
9/23/2019,31,24,84.5,0.30,1.85,0.4
9/24/2019,30,23,76,5.50,1.25,0.1
9/25/2019,30.5,21.5,80.5,15.10,1.7,0.7
9/26/2019,32,22,73,0.00,0.88,3.8
9/27/2019,32,22,79.5,0.50,1,1.7
9/28/2019,30,23,92,20.50,0.75,1.5
9/29/2019,33,22,85,0.00,1.12,4.1
9/30/2019,32.5,21.5,69,0.00,2.12,9.5
10/1/2019,34,22,70,12.60,1.78,8.4
10/2/2019,34,22,89.5,4.30,1.01,4.1
10/3/2019,33,21.5,86.5,11.10,1.2,4.3
10/4/2019,35,22.5,85,18.80,1.24,6.7
10/5/2019,32.5,22,78.5,0.20,1.44,4.3
10/6/2019,32,21,82,1.70,1.38,2.8
10/7/2019,33.5,22.5,80,4.80,1.1,6
10/8/2019,34.5,22.5,84.5,11.60,1.39,5.9
10/9/2019,34,22,79,17.80,1.46,6.1
10/10/2019,31,22,83.5,0.00,1.57,1.2
10/11/2019,31.5,21.5,86.5,9.50,1.49,2.4
10/12/2019,34.5,22,85,7.50,1.39,7.1
10/13/2019,34.5,22,76.5,51.40,1.64,7.7
10/14/2019,35,22.5,79,18.00,1.6,7.8
10/15/2019,33,23,74.5,10.70,1.67,6.4
10/16/2019,31.5,21.5,92,9.50,0.77,2.7
10/17/2019,33.5,23.5,68,0.00,1.86,7.7
10/18/2019,33,22.5,85,6.90,1.08,6.5
10/19/2019,31.5,22.5,83,16.60,1.01,3.5
10/20/2019,30,22.5,90.5,17.00,0.91,0.8
10/21/2019,32.5,22.5,79,26.20,1.69,3.5
10/22/2019,31,23,84.5,0.00,2.08,1.4
10/23/2019,34.5,23.5,71.5,0.00,1.43,7
10/24/2019,31.5,22.5,81,0.50,2.4,0.6
10/25/2019,33,23,80.5,4.30,1.47,2.9
10/26/2019,27.5,23,90,0.50,0.16,0
10/27/2019,30,23,81.5,8.40,0.63,0.4
10/28/2019,30,23,87,30.00,0.99,1
10/29/2019,26.5,22.5,94,45.70,0.68,0
10/30/2019,29.5,22.5,90,0.40,0.97,0.8
10/31/2019,31.5,22.5,73.5,0.00,1.4,3.2
11/1/2019,33.5,22,84.5,0.00,1.13,7
11/2/2019,33,22,90,8.00,1.25,3.9
11/3/2019,34,21.5,84.5,3.00,0.8,4.4
11/4/2019,34.5,23,78.5,0.40,1.36,5.8
11/5/2019,34,22,88.5,24.50,1.4,6.2
11/6/2019,34.5,22,70,0.00,1.46,6.8
11/7/2019,34.5,22.5,73,12.50,1.4,7.8
11/8/2019,34,22.5,78,20.00,1.9,7.6
11/9/2019,33,22.5,85,2.70,2.12,3.8
11/10/2019,32,23,83.5,7.50,0.43,5
11/11/2019,34.5,23.5,90.5,22.30,1.26,6.5
11/12/2019,34.5,22,74.5,8.70,1.22,6.8
11/13/2019,34,21.5,75.5,0.00,1.35,8.2
11/14/2019,34,22.5,66.5,0.00,1.3,9.4
11/15/2019,33,22.5,83,12.00,1.07,6.2
11/16/2019,34.5,22,71,0.00,1.55,8.9
11/17/2019,35.5,22.5,69,2.40,1.25,8.6
11/18/2019,35,23,76.5,1.20,1.34,7.2
11/19/2019,33,23,76,0.00,1.42,6.2
11/20/2019,34.5,21,73.5,0.00,1.82,9
11/21/2019,34,23,65.5,0.40,1.9,10
11/22/2019,34,22,80,1.50,2.1,6.6
11/23/2019,35,23.5,81.5,2.60,1.61,7.7
11/24/2019,30.5,23,87,10.60,1.19,1
11/25/2019,30.5,22.5,84.5,2.60,1.46,2.1
11/26/2019,32,21.5,73,0.00,2.25,5.1
11/27/2019,34,23,70,3.70,2.88,8.2
11/28/2019,33.5,23.5,71.5,3.90,2.09,4.2
11/29/2019,34.5,23.5,84.5,1.20,0.95,5.1
11/30/2019,32,22.5,80.5,85.00,2.33,4.2
12/1/2019,33,22.5,81.5,0.00,1,3.4
12/2/2019,33.5,23,86,24.50,1.06,5.4
12/3/2019,32.5,23,79.5,0.00,2.53,3.1
12/4/2019,27.5,23,92,45.30,0.49,0.1
12/5/2019,30.5,22.5,90,1.50,1.11,2
12/6/2019,32.5,22,68,1.80,2.75,6.3
12/7/2019,27,21,90,8.50,0.83,0.1
12/8/2019,32.5,23,75.5,0.00,1.37,7.1
12/9/2019,31,22,76.5,0.00,1.01,0.6
12/10/2019,34,23,77.5,0.00,1.47,6.5
12/11/2019,32.5,22,78.5,0.00,1.43,5.3
12/12/2019,33.5,21.5,74,0.00,1.02,6.3
12/13/2019,33.5,21.5,69,0.30,1.85,7.8
12/14/2019,33,22,73,0.00,2.77,6.2
12/15/2019,31,21.5,74.5,0.00,2.19,5.3
12/16/2019,33.5,21,74,0.00,1.08,4.7
12/17/2019,31.5,23,77,0.80,2.44,3.9
12/18/2019,29.5,23,87,17.00,1.85,0.3
12/19/2019,30,23,88.5,16.40,1.65,2.8
12/20/2019,27,22,96,20.30,0.12,0
12/21/2019,33,22,75,0.00,1.29,6.5
12/22/2019,32.5,23,79.5,0.00,1.04,3.3
12/23/2019,34,22,69.5,4.30,1.42,8.6
12/24/2019,34,21.5,66.5,0.00,1.62,8.7
12/25/2019,34,21.5,77,0.00,1.73,8.1
12/26/2019,32,21.5,81,0.00,0.83,5.8
12/27/2019,34,20,68.5,0.00,0.37,9.6
12/28/2019,34.5,21,67,0.00,1.95,9.1
12/29/2019,33.5,20,67,0.00,1.35,9.5
12/30/2019,34,21,70.5,0.00,1.65,9
12/31/2019,35,22,69.5,1.10,1.35,9.1
1/1/2020,34,22,70,0.00,1.55,9
1/2/2020,34,22,84.5,4.00,1.36,4.1
1/3/2020,34.5,21.5,72,0.00,2.16,8.2
1/4/2020,34.5,22,69,0.00,1.56,8.9
1/5/2020,34.5,20,65,0.00,1.83,9.2
1/6/2020,34.5,20.5,66,0.00,3.8,10.1
1/7/2020,34,22,63.5,0.00,3.11,9.9
1/8/2020,34,20.5,70.5,0.00,2.02,7.2
1/9/2020,35,21,69.5,0.00,1.34,8.5
1/10/2020,33.5,19,68.5,0.00,1.62,8.3
1/11/2020,34.5,22.5,66.5,0.00,2.33,5.4
1/12/2020,33,21,69.5,0.00,2.3,6.4
1/13/2020,33,20,77.5,0.60,1.28,4.3
1/14/2020,33.5,18,71,0.00,1.35,8
1/15/2020,34,19,70.5,0.00,1.53,8.6
1/16/2020,36,21.5,59,0.00,1.35,8.6
1/17/2020,33.5,22,74,0.00,1.46,7.8
1/18/2020,35,21.5,67,0.00,2,6.2
1/19/2020,35,22.5,64,0.00,2.55,9.6
1/20/2020,35,22,58.5,0.00,2.33,8.9
1/21/2020,35,23.5,65.5,0.00,3.04,9.7
1/22/2020,30.5,23.5,84.5,13.10,1.98,0.4
1/23/2020,35.5,23.5,69,0.00,4.5,9
1/24/2020,34,20.5,63.5,0.00,3.94,9.2
1/25/2020,34.5,22.5,63.5,0.00,2.2,10.2
1/26/2020,35,20.5,62.5,0.00,1.89,9.7
1/27/2020,34.5,17.5,63.5,0.00,1.39,8.8
1/28/2020,35,18,63.5,0.00,1.39,9.1
1/29/2020,34.5,18,65,0.00,1.51,8.7
1/30/2020,35.5,18.5,70.5,0.00,1.58,10
1/31/2020,34.5,18,64.5,0.00,2.79,9.9
2/1/2020,34,19,64.5,0.00,2.16,9.6
2/2/2020,35,19,66,0.00,2.06,9.1
2/3/2020,35.5,21,64.5,0.00,1.23,8
2/4/2020,35.5,20.5,65,0.00,1.47,7.6
2/5/2020,35,22,69.5,0.00,1.75,6.6
2/6/2020,36.5,22,58.5,0.00,1.65,8.3
2/7/2020,35,20.5,67,1.30,1.53,5.6
2/8/2020,35,19.5,65,0.00,2.02,8.5
2/9/2020,37,19,61,0.00,1.68,9.8
2/10/2020,35,21,59,0.00,4.35,9.3
2/11/2020,34.5,23.5,59,0.00,5.1,10.2
2/12/2020,34,22,62,3.90,4.81,6.8
2/13/2020,35.5,23,62.5,0.00,3.15,7
2/14/2020,34,23,74.5,0.00,1.79,1.2
2/15/2020,37,22.5,63.5,2.70,1.5,7
2/16/2020,36.5,21,58,0.00,1.77,9.2
2/17/2020,36.5,19.5,61,0.00,2.3,10.2
2/18/2020,35.5,18,51,0.00,1.99,10.6
2/19/2020,35.5,19.5,59,0.00,2.02,10.2
2/20/2020,35,19.5,58,0.00,5.85,10.5
2/21/2020,35.5,20,57.5,0.00,4.85,9
2/22/2020,33.5,21,71.5,0.00,3.87,6.1
2/23/2020,35,20,62,0.00,3.41,7.7
2/24/2020,36,22,62,0.00,3.26,10.8
2/25/2020,36.5,22,64.5,0.00,2.47,9.4
2/26/2020,36.5,21.5,61.5,0.00,2.7,9.9
2/27/2020,36.5,22,64.5,0.00,2.99,9.9
2/28/2020,35.5,21.5,64,0.00,3.23,9.7
2/29/2020,37,21,64.5,0.00,1.88,8.7
3/1/2020,37,22.5,64.5,0.00,1.94,7.8
3/2/2020,37,22.5,70,0.00,2.19,6.3
3/3/2020,38,24,70,0.00,2.52,8.8
3/4/2020,37.5,24,69,0.00,2,8.6
3/5/2020,36,24,73.5,0.00,1.93,6.3
3/6/2020,36.5,22.5,72.5,0.00,2.45,6.7
3/7/2020,37.5,21.5,66.5,0.00,2.26,9.4
3/8/2020,38.5,23,64.5,0.00,2.32,9.8
3/9/2020,39,22,62,0.00,2.7,9.8
3/10/2020,38.5,24,60,0.00,2.6,9.7
3/11/2020,38,23.5,59,0.00,2.4,10.4
3/12/2020,38.5,21,56,0.00,2.2,9.4
3/13/2020,37.5,21,59.5,0.00,2.5,9.8
3/14/2020,38.5,22,62,0.00,2.4,9.7
3/15/2020,38,22,62.5,0.00,2.1,9.5
3/16/2020,39,23,66,0.00,2.7,8.3
3/17/2020,35,23.5,70.5,0.60,2.1,2.3
3/18/2020,37,24,65.5,0.00,2.8,5
3/19/2020,37.5,22.5,56,0.00,2.5,8.4
3/20/2020,39,22,67.5,0.00,2.3,7.7
3/21/2020,37.5,21.5,64,0.00,2.4,9.6
3/22/2020,38,23,67.5,0.00,2.66,9.6
3/23/2020,38,21.5,67.5,0.00,2.3,9.4
3/24/2020,38,21.5,54.5,0.00,2.6,9.1
3/25/2020,37.5,22,53.5,0.00,2.4,9.1
3/26/2020,37.5,20,51.5,0.00,2.95,9.7
3/27/2020,37.5,22,56.5,0.00,2.3,6.7
3/28/2020,38,23,62,0.00,2.3,8.5
3/29/2020,38,22.5,59.5,0.00,2.5,9.5
3/30/2020,38,23,67,16.20,1.95,8.3
3/31/2020,37,18.5,77.5,0.00,2.6,9.3
4/1/2020,37,20,65.5,0.00,1.39,7.5
4/2/2020,38.5,21.5,62,0.00,2.25,10
4/3/2020,38,23.5,65.5,0.00,2.48,9.9
4/4/2020,36,23,78.5,0.00,1.45,5.5
4/5/2020,38.5,18,65.5,0.00,2.23,10.3
4/6/2020,37.5,23,65.5,0.00,2.26,9.5
4/7/2020,39.5,22.5,65.5,0.00,2.53,9.5
4/8/2020,40,23,63.5,15.80,1.9,8.9
4/9/2020,38.5,22.5,80,0.00,1.2,6.4
4/10/2020,37,23.5,72.5,7.30,1.7,7.8
4/11/2020,36,23,67.5,0.00,1.7,8.5
4/12/2020,37.5,24,66.5,0.00,2,8
4/13/2020,37,21.5,75.5,51.00,1.8,6.3
4/14/2020,35.5,23.5,90,27.70,0.95,5
4/15/2020,34.5,23.5,87,3.70,1.05,6.2
4/16/2020,36,24,76,0.80,1.53,6.7
4/17/2020,35.5,24,79,0.00,1.3,6.7
4/18/2020,35.5,24,79,0.50,1.3,7
4/19/2020,36,23.5,79,9.50,1.6,6.4
4/20/2020,35.5,23.5,77.5,0.00,1.9,7.1
4/21/2020,36.5,23.5,76,33.30,1.7,8.1
4/22/2020,33,23.5,75.5,5.50,1.2,2.4
4/23/2020,36.5,22.5,76.5,99.00,1.4,7.1
4/24/2020,36,23.5,76.5,0.00,1,5.9
4/25/2020,38,23,76.5,16.20,1.5,7.6
4/26/2020,36,24,78,0.00,1.5,7.6
4/27/2020,38,24,70,0.00,1.1,8.6
4/28/2020,35.5,25,77.5,1.90,1.2,3.1
4/29/2020,38,24.5,73,0.00,2.1,6.9
4/30/2020,35,23,83.5,5.00,0.96,4.6
5/1/2020,35.5,23,90,6.10,0.84,6.3
5/2/2020,37.5,23.5,77.5,0.00,1.27,8
5/3/2020,37.5,24,77.5,21.70,1.59,8.1
5/4/2020,35.5,23.5,85,5.20,1.28,6
5/5/2020,26.5,23,80,0.20,1.26,5
5/6/2020,30.5,22.5,86.5,0.00,0.78,1.3
5/7/2020,34.5,23.5,81.5,0.00,2.65,6.3
5/8/2020,35.5,24,74,0.00,2.6,7.7
5/9/2020,36,24,78.5,0.00,1.5,6.6
5/10/2020,36.5,24,82,0.00,1.4,7
5/11/2020,31,24,85,0.00,1.3,0.8
5/12/2020,36.5,23.5,76,74.50,1.4,7.6
5/13/2020,35,24.5,85.5,39.00,1,3
5/14/2020,35,23.5,92.5,9.30,0.7,5
5/15/2020,30.5,25,76,0.00,4.7,7.9
5/16/2020,33.5,26,82,0.00,4,0.2
5/17/2020,34.5,24.5,75.5,19.00,2.5,2.9
5/18/2020,32.5,25,82,1.70,5.3,2
5/19/2020,30,24,89,8.60,5.1,0
5/20/2020,34.5,25,70,1.40,4.1,9.8
5/21/2020,34.5,24.5,79,1.80,5.2,8.8
5/22/2020,31.5,24.5,77,0.00,2.7,2.7
5/23/2020,36,24,71,0.00,3.48,5.2
5/24/2020,35,25,77,0.00,3.5,4.9
5/25/2020,35,25,77.5,0.00,3,3.8
5/26/2020,36,24.5,75.5,1.00,2.4,6.6
5/27/2020,33.5,24,85,0.00,1.6,1.9
5/28/2020,33.5,24.5,78,1.50,4.5,8.1
5/29/2020,33,23.5,76.5,0.00,3.4,6.9
5/30/2020,35,23.5,66.5,0.00,3.3,9.3
5/31/2020,35,23,70.5,0.00,3.1,10.1
6/1/2020,35,22,65,0.00,3.1,10.1
6/2/2020,35.5,22,66.5,0.00,2.7,9.9
6/3/2020,35,20.5,60.5,0.00,2.6,5.2
6/4/2020,36,22,68.5,0.00,2.46,9.1
6/5/2020,34.5,22.5,66.5,0.00,3.4,9.9
6/6/2020,32,24,76.5,1.10,3.67,6.7
6/7/2020,33.5,24,78,0.00,3.9,2.1
6/8/2020,33.5,24,67.5,0.70,2.6,6.8
6/9/2020,36.5,24.5,68,0.00,2.95,9.9
6/10/2020,35.5,24.5,72.5,0.00,2.73,8.1
6/11/2020,35,23.5,65,0.00,3.8,8
6/12/2020,35,23.5,72,0.00,2.4,9.9
6/13/2020,36,25.5,64.5,0.00,5.5,10
6/14/2020,34.5,26,66,0.00,8.2,9.7
6/15/2020,35.5,24,60,0.00,5.1,9.5
6/16/2020,34,24,68,0.00,2.23,5.2
6/17/2020,35,23,71.5,0.00,2.46,7
6/18/2020,36,25.5,62,0.00,6.42,9.9
6/19/2020,34.5,26,63.5,0.00,8.2,8.1
6/20/2020,35,27,60.5,0.00,6.15,6.9
6/21/2020,33,27,76.5,0.00,7.4,4.3
6/22/2020,36,27,61,0.00,7.28,9.8
6/23/2020,34,26,66.5,0.00,3.93,2.6
6/24/2020,36,24,64,1.20,3.65,6.6
6/25/2020,35,23.5,81,7.50,2.02,2.7
6/26/2020,31.5,23.5,82,3.60,2.24,1.1
6/27/2020,34.5,23.5,66.5,0.00,5.2,8.8
6/28/2020,35,24,65.5,0.00,3.8,9.6
6/29/2020,35,24,70.5,0.00,3.3,7.5
6/30/2020,32.5,24.5,74.5,0.00,1.9,3.4
7/1/2020,35,23.5,72,0.00,2.2,7
7/2/2020,35.5,24,67.5,0.00,3.61,9.5
7/3/2020,34,24.5,67,0.00,4.75,3.4
7/4/2020,34.5,23,69,0.00,2.28,7.9
7/5/2020,36.5,23,57.5,0.00,3.45,9.7
7/6/2020,34,24,67,0.00,4.48,6.3
7/7/2020,36,26.5,65,0.00,7.4,9.8
7/8/2020,35,24,62.5,0.00,2.3,2.9
7/9/2020,36.5,23.5,81.5,10.80,1.8,5.5
7/10/2020,36.5,23.5,80.5,0.00,2.2,3.9
7/11/2020,33,23,74.5,0.00,2.5,2.5
7/12/2020,34,23.5,65.5,0.00,3.6,6.4
7/13/2020,36,23,69.5,0.00,3.4,7.6
7/14/2020,37.5,24,65,0.00,3.1,9.8
7/15/2020,35,24,78,0.80,3.4,5.7
7/16/2020,34,25,77.5,0.00,8.6,2.8
7/17/2020,34.5,23.5,68.5,0.00,4.7,6.3
7/18/2020,37.5,22.5,63.5,31.50,1.6,5.9
7/19/2020,35,24,78.5,0.00,1.2,6.5
7/20/2020,28,22,79,9.90,1.8,1.6
7/21/2020,34,22.5,76,0.00,1.8,7
7/22/2020,33,22,90,5.70,1.5,4.3
7/23/2020,33,23,84.5,0.90,3.5,6
7/24/2020,34.5,23,71.5,0.00,4.1,7.4
7/25/2020,32,24,79.5,5.10,3.9,1.9
7/26/2020,30.5,25.5,79.5,0.00,5.5,0.2
7/27/2020,33,25,67,0.00,4.6,1.1
7/28/2020,30,24.5,77.5,0.00,4.1,0.5
7/29/2020,33.5,24.5,75,0.00,6,7.9
7/30/2020,34.5,23.5,67.5,0.00,3.6,7.2
7/31/2020,34,24,66,0.00,3.4,9
8/1/2020,31,24,78,8.00,1.9,1.5
8/2/2020,33,23.5,70.5,2.10,3.4,5.8
8/3/2020,31,23,80.5,0.00,2.5,1.1
8/4/2020,33.5,23,75,0.20,2.8,4
8/5/2020,33.5,23,79.5,7.00,2.7,6.4
8/6/2020,29.5,24,86,0.00,5.28,0.2
8/7/2020,32,24,71.5,0.00,8.4,1.7
8/8/2020,34,24.5,68.5,0.90,6.55,3.2
8/9/2020,33,24,71.5,5.00,6.9,6.3
8/10/2020,33.5,24,69.5,0.00,3.5,7.7
8/11/2020,32.5,25,74,1.90,5,5
8/12/2020,34.5,23,74,0.00,4.96,9.8
8/13/2020,35,21.5,62.5,0.00,4.39,10.3
8/14/2020,34.5,23,58.5,0.00,4.5,10.5
8/15/2020,34.5,22,58.5,0.00,3.9,9.7
8/16/2020,35.5,22,62,0.00,3.65,9.7
8/17/2020,36.5,21.5,58,0.00,4.07,10.8
8/18/2020,35.5,22.5,56,0.00,5.3,9.5
8/19/2020,37,22,53,0.00,2.8,10
8/20/2020,36.5,21,57.5,0.00,3.35,10.3
8/21/2020,38.5,22,57.5,0.00,2.1,10.5
8/22/2020,37,22.5,65,0.00,2.9,10
8/23/2020,36,22,63.5,0.00,2.34,8.8
8/24/2020,37,21.5,61.5,0.00,2.14,10.5
8/25/2020,36.5,22.5,65,17.00,1.3,7.1
8/26/2020,35.5,22.5,76.5,6.60,2.3,9.6
8/27/2020,35.5,23.5,67.5,0.00,2.6,6.7
8/28/2020,34.5,22,60.5,0.00,3.3,7.9
8/29/2020,34.5,24,57.5,0.00,5.5,10.7
8/30/2020,35.5,23,64,0.00,3.5,5.8
8/31/2020,35.5,25.5,63,0.00,5.5,6.4
9/1/2020,35,24,68.5,0.00,3.4,1.4
9/2/2020,33,22.5,79,1.20,2.1,1.6
9/3/2020,34.5,24,62,0.00,3.2,7.3
9/4/2020,35.5,22.5,58.5,0.00,3.3,8.2
9/5/2020,34.5,23,63,0.70,2.2,4.9
9/6/2020,34.5,22.5,76,7.50,5.5,4.9
9/7/2020,31.5,26.5,68,0.00,5.73,0.8
9/8/2020,35,23.5,64.5,1.20,3.7,4.3
9/9/2020,33.5,23,81.5,2.10,2.5,5.2
9/10/2020,33.5,22.5,66.5,0.80,2.8,7.6
9/11/2020,34.5,22.5,70.5,0.00,2.2,4.7
9/12/2020,34.5,23.5,84.5,8.20,1.8,3
9/13/2020,32.5,23,77,0.80,3.4,1.8
9/14/2020,33,23.5,78,0.00,3.3,1.6
9/15/2020,35.5,23,74.5,9.30,2.5,7.2
9/16/2020,34.5,23,76,0.00,2.3,7.3
9/17/2020,34,23.5,68.5,0.50,2.5,6.8
9/18/2020,32.5,24,81.5,7.80,3.3,1.1
9/19/2020,33,23.5,71.5,4.70,2.3,3.3
9/20/2020,33,23,75.5,12.50,2.6,4
9/21/2020,31.5,23,73,4.50,2.1,4
9/22/2020,34,25,74,0.80,4.9,5.8
9/23/2020,33.5,25.5,66,0.00,7.1,8.4
9/24/2020,29,24,64,0.20,3,6.6
9/25/2020,32.5,22.5,72,0.00,1.4,1.1
9/26/2020,35,22,63.5,0.00,2.9,9.5
9/27/2020,36,22.5,65,0.00,2.4,7.8
9/28/2020,34.5,22.5,72,4.90,2,7.7
9/29/2020,30.5,23.5,81.5,1.60,1.7,1
9/30/2020,31,23.5,90,3.70,3.4,0.1
10/1/2020,34.5,22,60.5,0.00,3.8,9
10/2/2020,35.5,24,57,0.00,3.9,9.8
10/3/2020,35,24.5,54,0.00,5.35,8.1
10/4/2020,35,25,61,0.00,7.6,9.3
10/5/2020,35,25,55.5,0.00,7.7,10
10/6/2020,35,25,56,0.00,4.85,9.9
10/7/2020,36.5,22,57,0.00,4.3,8.1
10/8/2020,37.5,23,56.5,0.00,4.8,8.3
10/9/2020,34,23,68,4.60,1.2,3.4
10/10/2020,35,23.5,60,0.00,3,8.6
10/11/2020,34,25,70,2.20,5,5.8
10/12/2020,34,23.5,75,2.80,3.5,5.4
10/13/2020,35,23.5,56.5,3.90,5.9,8.5
10/14/2020,33.5,23.5,73,0.70,2.7,4.9
10/15/2020,34,24,70,0.00,4.7,2.8
10/16/2020,35.5,24.5,57.5,0.00,6.9,9.2
10/17/2020,35.5,24,62.5,0.00,6.2,8.2
10/18/2020,36.5,24,56,0.00,6.5,9.3
10/19/2020,36,24,59,0.00,4.9,6.4
10/20/2020,35,23,55.5,0.00,3.9,10.5
10/21/2020,36,23.5,59,0.00,4.6,8.9
10/22/2020,36,26,59,0.00,5.6,9.2
10/23/2020,35.5,25,56.5,0.00,6.7,10.5
10/24/2020,35.5,25,59,0.00,6.6,9.3
10/25/2020,36,24.5,60,0.00,5,7.7
10/26/2020,37.5,23.5,55.5,0.00,3.1,9.5
10/27/2020,33.5,22.5,74.5,0.00,2,1.4
10/28/2020,36,22,79.5,0.00,1.4,4.9
10/29/2020,36,22.5,66.5,0.00,2.2,8
10/30/2020,38,22.5,66,11.30,1.9,7.1
10/31/2020,35,23.5,68.5,0.00,1.8,7.3
11/1/2020,36.5,23.5,73,0.00,1.5,5
11/2/2020,35,23.5,68,0.00,1.6,3.1
11/3/2020,36.5,23,66,38.50,1.8,7.5
11/4/2020,35,25,74,8.60,1.6,6.5
11/5/2020,35.5,22.5,74,110.70,2.12,7.9
11/6/2020,32,22,92,4.30,0.84,1.2
11/7/2020,35,22,78,0.90,1.53,6.8
11/8/2020,34.5,22.5,83,14.70,1.07,6.4
11/9/2020,34.5,21.5,38.5,28.00,1.8,8.3
11/10/2020,32.5,22.5,85,13.10,1.3,2.7
11/11/2020,33.5,22.5,74.5,1.80,1.3,6.4
11/12/2020,33,23.5,78.5,2.00,0.8,3.9
11/13/2020,35.5,21.5,70.5,28.30,1.4,8
11/14/2020,35.5,23,81.5,0.30,0.98,7.1
11/15/2020,35,24,75,42.00,1.4,7.8
11/16/2020,33,23,85,1.20,0.52,0.7
11/17/2020,35.5,23.5,75.5,17.60,1.58,4.1
11/18/2020,33,23,75.5,0.20,1.72,4.7
11/19/2020,34,22,74.5,0.00,1.22,8.3
11/20/2020,34.5,23.5,75,0.00,1.15,7.9
11/21/2020,33.5,23,77.5,0.20,0.9,4.9
11/22/2020,31,23,83,0.10,0.67,1
11/23/2020,34,22.5,74.5,2.40,0.9,5.3
11/24/2020,33.5,24.5,72,0.00,6.3,7.5
11/25/2020,35,22,65.5,0.00,2.64,5.1
11/26/2020,34.5,22,62,0.00,1.54,9.8
11/27/2020,35,21.5,63.5,0.00,1.96,9.1
11/28/2020,35.5,22,66,18.60,1.21,8.6
11/29/2020,35.5,22,70,0.00,1.05,8.3
11/30/2020,31,23,74,0.00,1.31,8.6
12/1/2020,32,23.5,81.5,0.00,0.88,2.4
12/2/2020,31.5,25,81,0.00,7.4,2
12/3/2020,33.5,22,61,0.00,4.51,9.6
12/4/2020,34,22.2,65.5,0.00,2.8,9
12/5/2020,34.5,21,62.5,0.00,3.3,9.8
12/6/2020,35,20.5,75.5,0.00,1.1,8
12/7/2020,35.5,23.5,69.5,46.10,1.4,8.8
12/8/2020,35,21,74.5,0.00,1.32,7.3
12/9/2020,34.5,22,68.5,0.00,1,9.8
12/10/2020,34.5,21.5,73,0.00,1,8
12/11/2020,35,22,70.5,0.00,1.56,8.6
12/12/2020,35,21.5,72.5,20.70,1.32,6.6
12/13/2020,34,21,78,0.00,1.29,7.3
12/14/2020,31.5,20.5,72,0.00,0.67,5.1
12/15/2020,34,21,69.5,0.00,1.2,9.3
12/16/2020,35,21,73.5,0.00,1.1,9.3
12/17/2020,34.5,22,76,0.00,1.13,8
12/18/2020,35,22.5,77.5,1.20,0.86,7
12/19/2020,33,23,79,1.40,1.83,3.8
12/20/2020,31,23,79.5,2.50,2.04,3.8
12/21/2020,32,23,77,1.40,2,3.6
12/22/2020,29,23,92,0.00,0.74,0.1
12/23/2020,32.5,22,83,39.30,1.26,6.4
12/24/2020,33.5,22.5,75.5,26.20,1.1,7
12/25/2020,34.5,21,75,0.20,0.93,8.5
12/26/2020,35,23,66.5,6.20,1.05,8
12/27/2020,35,22,80.5,1.00,1.07,6.9
12/28/2020,34,23.5,83,29.20,1.26,6.4
12/29/2020,34.5,21,75.5,0.00,1.21,8
12/30/2020,34,23,71.5,0.70,1.67,10
12/31/2020,31.5,22.5,86.5,7.70,1.8,5.3
1/1/2021,27,22.5,92,1.30,0.5,0.1
1/2/2021,29.5,22.5,78,0.00,1.1,5.2
1/3/2021,30,23.5,81.5,15.10,0.7,0.4
1/4/2021,32.5,22,94,7.20,0.8,2
1/5/2021,34,22,92,28.70,1.1,6.6
1/6/2021,33,22.5,79.5,0.00,1.5,5.5
1/7/2021,33,22.5,81.5,0.00,0.9,4.5
1/8/2021,32.5,23,84,7.80,0.7,2.8
1/9/2021,27,23,94,2.70,0.1,0
1/10/2021,28.5,23,90.5,0.50,0.4,0.2
1/11/2021,31.5,22.5,85,17.50,1,3.3
1/12/2021,31,23,92,16.80,0.8,3
1/13/2021,27.5,23,88,24.00,0.1,0.2
1/14/2021,32.5,23,79,16.50,1.1,4.5
1/15/2021,30.5,23,92.5,0.50,0.8,4.2
1/16/2021,31.5,22,88.5,0.00,0.7,0.7
1/17/2021,33,21.5,86.5,0.00,1,2.9
1/18/2021,32.5,21.5,84.5,0.00,1.4,5.7
1/19/2021,32,21,82,10.60,0.9,3.7
1/20/2021,35,23,77,0.00,1.3,8.6
1/21/2021,34.5,21.5,73.5,0.00,1.2,8.9
1/22/2021,35,22,77.5,0.00,1.3,8.3
1/23/2021,32.5,20.5,75,0.00,1.5,7
1/24/2021,33.5,20,74,0.00,1,8.3
1/25/2021,34.5,20.5,73.5,0.00,1,8.9
1/26/2021,34,23,70.5,0.00,1,9.4
1/27/2021,34.5,19,56.5,0.00,0.6,8
1/28/2021,33,23,78,0.00,1.1,6.8
1/29/2021,33.5,22,81,1.50,0.7,1.7
1/30/2021,34,21.5,84.5,9.70,1.1,6
1/31/2021,33.5,22,76,0.00,1.5,6.5
2/1/2021,34,21,66,0.00,2,10.1
2/2/2021,33,21.5,74,0.00,2.8,8.9
2/3/2021,27.5,21,89.5,0.00,0.4,0.5
2/4/2021,32,18,77,0.00,1.1,3.1
2/5/2021,32.5,17.5,79.5,0.00,0.9,2.2
2/6/2021,33,21,84.5,1.70,0.9,4.6
2/7/2021,33.5,21,75,0.00,1.9,9.8
2/8/2021,34,21,73.5,5.80,1.2,7.3
2/9/2021,35,20.5,88.5,0.00,1.4,10.4
2/10/2021,34.5,19,70,0.00,1.1,7.7
2/11/2021,34.5,19.5,69.5,0.00,1.1,8
2/12/2021,35.5,21,69,0.00,1,8.3
2/13/2021,35.5,22.5,70,0.00,1.8,9.4
2/14/2021,30.5,22,72.5,1.20,1.3,7.1
2/15/2021,34.5,23,90,0.00,1.3,4.8
2/16/2021,35.5,22,70.5,3.90,1.9,9.3
2/17/2021,35,22,77,0.00,1.6,8.5
2/18/2021,36,21,70.5,0.00,1.7,7.6
2/19/2021,36.5,22,69,4.40,1.9,9.6
2/20/2021,35.5,21,69.5,0.00,1.8,9.2
2/21/2021,34.5,20,67,0.00,2,9.1
2/22/2021,36,21.5,68.5,11.20,1.5,7.9
2/23/2021,35.5,21,71,0.00,1.3,8.7
2/24/2021,35,22,74.5,0.00,1.1,8.2
2/25/2021,37.5,21.5,62.5,0.00,1.4,10
2/26/2021,36,23.5,76,0.00,1.7,9.7
2/27/2021,35.5,22,73.5,0.00,1.3,9
2/28/2021,36,20.5,69.5,0.00,1.6,9.9
3/1/2021,36.5,19.5,61.5,0.00,1.4,9.9
3/2/2021,36,18,61,0.00,1.6,9.9
3/3/2021,35,18.5,66.5,0.00,1.6,8.8
3/4/2021,36,20.5,60,0.00,1.3,10
3/5/2021,33,21,68,0.00,0.6,2.2
3/6/2021,36.5,21.5,86,19.00,1,5.6
3/7/2021,36,22.5,82.5,16.70,0.9,6.8
3/8/2021,34.5,21.5,84.5,2.20,1.2,5.7
3/9/2021,35.5,21.5,70,0.00,1.6,9.1
3/10/2021,34,22,86.5,2.40,1.9,5.7
3/11/2021,33.5,22.5,86.5,27.30,1.6,6.2
3/12/2021,34,20.5,74,0.00,1.9,8.8
3/13/2021,35,22,68.5,0.00,1.8,9.1
3/14/2021,35,20,70,0.00,2.2,9.4
3/15/2021,35.5,21,64,0.00,1.6,9.9
3/16/2021,35.5,21.5,68,0.00,1.4,7.8
3/17/2021,35.5,22.5,74,0.00,1.6,8.3
3/18/2021,30,22,83.5,0.00,0.6,0.2
3/19/2021,29,21.5,81,0.00,0.8,0.1
3/20/2021,35.5,23,75.5,7.30,1.1,5
3/21/2021,35.5,22,71,27.10,0.5,6.6
3/22/2021,35.5,22,76.5,0.00,1.4,8.5
3/23/2021,34.5,23.5,71.5,0.20,1.5,5.9
3/24/2021,33,22,76,0.90,1.4,3.9
3/25/2021,30.5,22,75.5,0.00,1.6,1.2
3/26/2021,35.5,22.5,68,0.10,2.4,8.3
3/27/2021,32.5,23,79,0.00,1.4,3.9
3/28/2021,31,22,76,21.10,1,5.4
3/29/2021,35,21.5,73.5,11.00,1.6,4.6
3/30/2021,36,22.5,61.5,0.00,1.7,9.8
3/31/2021,35.5,22.5,68.5,0.00,1.7,9.1
4/1/2021,35.5,22.5,76,0.00,2.9,8.6
4/2/2021,34,21.5,79,0.00,1.6,2.3
4/3/2021,31,21.5,68.5,0.00,5,9.7
4/4/2021,35,18.5,65,0.00,1.8,9.2
4/5/2021,36.5,23.5,70.5,0.00,1.1,8.8
4/6/2021,36,22,64.5,16.50,1.6,7.9
4/7/2021,35.5,21,71.5,40.80,1.5,7.6
4/8/2021,34.5,22,76,0.00,1.2,7
4/9/2021,35.5,22.5,69.5,0.00,1.4,8.7
4/10/2021,35.5,22.5,71,1.00,1.6,8.7
4/11/2021,35,22.5,75.5,11.40,1.2,7.5
4/12/2021,36,22,82,42.30,1.5,6.8
4/13/2021,35.5,22.5,83,0.80,1.2,7.6
4/14/2021,35,22.5,79.5,23.50,1.1,7.9
4/15/2021,34.5,22,77,0.00,1.8,8.4
4/16/2021,33.5,23.5,88.5,2.00,1.4,6.8
4/17/2021,33.5,23,92,3.50,1.3,3.9
4/18/2021,33,21,83,0.30,1.3,5.8
4/19/2021,35,22.5,75,0.40,2.6,9.6
4/20/2021,35.5,23,72.5,2.30,1.1,10.7
4/21/2021,34.5,22,73,0.00,1.6,7.5
4/22/2021,35,23,71,0.00,1.8,9.6
4/23/2021,36,23,75.5,0.00,1.2,8.3
4/24/2021,36,22.5,70,3.80,1.2,10.3
4/25/2021,36,23,70,0.00,1.2,9
4/26/2021,35.5,23,76,0.00,1.4,9
4/27/2021,35,23,78.5,1.30,1.6,9.1
4/28/2021,35.5,23,82,1.00,1.3,6.8
4/29/2021,35.5,24,76.5,0.20,1.4,6.3
4/30/2021,36,24,81.5,0.50,1.2,5.3
5/1/2021,34.5,23,81.5,0.00,1.5,6
5/2/2021,35,23,72.5,3.00,1.2,8.4
5/3/2021,29.5,22.5,83.5,37.00,1.2,6.4
5/4/2021,35,22,80.5,14.80,0.6,4.4
5/5/2021,30,24,77,32.70,1.4,9.7
5/6/2021,35,23.5,73.5,6.00,0.7,6.1
5/7/2021,34,23.5,77.5,0.00,1.1,5.4
5/8/2021,35.5,23,72.5,5.00,1.2,7.3
5/9/2021,34.5,34.5,76,46.90,1.3,7.8
5/10/2021,33.5,23,82,0.00,1,4.5
5/11/2021,35.5,23,72.5,3.10,1.7,9.2
5/12/2021,34,23.5,80,0.00,0.9,5
5/13/2021,34,25,82,1.40,3.9,2.3
5/14/2021,34,25,64.5,0.00,6.2,7.3
5/15/2021,33.5,25.5,71.5,0.00,2.8,2.5
5/16/2021,36,24,67,0.00,3.6,8.7
5/17/2021,37,23,67,0.00,1.5,10.1
5/18/2021,36.5,23,73,0.00,0.8,8.8
5/19/2021,35.5,23.5,66.5,24.20,1.1,6.9
5/20/2021,34.5,23,75.5,0.50,2.1,6.8
5/21/2021,33.5,24.5,80,2.70,1.5,3.3
5/22/2021,33.5,23.5,63.5,2.10,3,9
5/23/2021,33,25,78,2.20,1.8,4.3
5/24/2021,32,24,85,26.80,1.8,3.4
5/25/2021,31.5,25,81.5,2.20,5.9,5.2
5/26/2021,32.5,24.5,78,0.30,4.7,4.8
5/27/2021,35,25,76.5,0.00,4.4,8.7
5/28/2021,34,26,68.5,0.00,5.8,9.9
5/29/2021,33,26.5,68.5,0.00,7.4,10
5/30/2021,33,26.5,75,0.00,8.1,9.2
5/31/2021,34,25,68,0.00,7.1,10
6/1/2021,34,25,66,0.00,6.4,9.8
6/2/2021,36,23.5,63.5,0.00,2.3,10.2
6/3/2021,34.5,24.5,72,0.40,1.8,6.4
6/4/2021,34.5,24,76,0.40,2.1,3.4
6/5/2021,34,22,78.5,0.00,1.8,5.2
6/6/2021,35,21.5,66,0.00,2,9.5
6/7/2021,36,23.5,69.5,5.20,2,9.1
6/8/2021,32,23.5,74,5.60,2.3,6
6/9/2021,33.5,24,78.5,1.00,2.2,5.5
6/10/2021,35,22,68,0.00,2.3,10.3
6/11/2021,35,22,61,0.00,3.5,10.8
6/12/2021,35,23.5,63.5,0.00,3.7,8.3
6/13/2021,35,24,72.5,0.30,3.7,10.9
6/14/2021,34.5,23,64.5,0.00,2.7,10
6/15/2021,34.5,22,66.5,0.00,2.2,9.5
6/16/2021,35.5,25.5,65,0.00,5.6,10
6/17/2021,35,26,60,0.00,6.6,9.6
6/18/2021,37.5,26,60,0.00,6.4,9.9
6/19/2021,35.5,26,56,0.00,7.5,9.9
6/20/2021,36.5,25.5,55,0.00,4.8,9.9
6/21/2021,36,23,57,0.00,4.9,9.8
6/22/2021,35.5,23,68.5,0.00,2.2,6.6
6/23/2021,34.5,22,61,0.00,2.9,11.5
6/24/2021,35,23.5,76,1.00,3,10
6/25/2021,35,23,58.5,0.00,4.4,11.1
6/26/2021,34,23,66.5,0.00,3.3,8
6/27/2021,34.5,22.5,64.5,0.00,3.1,8.3
6/28/2021,35,21.5,60.5,0.00,3,8.5
6/29/2021,34.5,22.5,65,0.00,2.7,11.4
6/30/2021,35,23,63.5,0.00,2.7,10.1
7/1/2021,34.5,21,76.5,35.10,2.9,6
7/2/2021,35,23,66.5,0.00,2.6,9.9
7/3/2021,35.5,22.5,66.5,0.00,2,8
7/4/2021,35.5,23,71,12.20,4,7.3
7/5/2021,36,23,66,0.00,2.4,8.2
7/6/2021,35,23,77.5,0.00,1,4.3
7/7/2021,35,24,80,0.00,1.3,5.7
7/8/2021,35.5,23.5,65.5,0.10,2.8,8.4
7/9/2021,31,23,76.5,53.80,2.3,3.5
7/10/2021,31,25.5,72,0.00,8,1.5
7/11/2021,33,25,73,0.00,4.7,4.9
7/12/2021,32.5,26,70,0.00,6.2,9.2
7/13/2021,33,26,65.5,0.00,7.9,10
7/14/2021,33.5,26,64.5,0.00,8,7.5
7/15/2021,34,26,68,0.00,6.3,5
7/16/2021,33.5,25.5,64,0.00,6.6,7.3
7/17/2021,34,23,70.5,0.00,2.5,6.9
7/18/2021,34.5,25.5,70.5,0.00,6.3,7.2
7/19/2021,34,26,61.5,0.00,7.2,10
7/20/2021,34.5,23,55.5,0.00,8,9.4
7/21/2021,34,26,65.5,0.00,9.2,7
7/22/2021,35,23,65.5,1.40,5,2.1
7/23/2021,33,23.5,70.5,3.30,3.7,3.2
7/24/2021,33,24,77,0.30,3.3,3.9
7/25/2021,35.5,24.5,70.5,0.00,4.3,7.2
7/26/2021,31,25,74.5,0.00,5.5,2.3
7/27/2021,35,25.5,65,0.00,6.5,9.1
7/28/2021,35.5,26,66,0.00,6.7,8.3
7/29/2021,35,26,58.5,0.00,7.3,9.9
7/30/2021,35,25.5,58,0.00,7.5,11.3
7/31/2021,35.5,23,58,0.00,6.2,10.2
8/1/2021,34.5,25,62,0.00,6.4,10.1
8/2/2021,35,25,60,0.00,4.8,9.7
8/3/2021,34.5,24,66,0.00,6.2,8.4
8/4/2021,34.5,23,63,0.00,6.1,9
8/5/2021,34.5,23,62.5,0.00,6.4,9.7
8/6/2021,34,25,66.5,0.00,8,10
8/7/2021,32,25,71,4.60,5.5,3.9
8/8/2021,33,23.5,68.5,0.00,2.9,4.8
8/9/2021,35.5,24,66,0.00,5.2,9.4
8/10/2021,34,25,63,0.00,5.9,8.3
8/11/2021,34,26,66.5,0.00,5,4.3
8/12/2021,34,26,70.5,0.00,8,8.2
8/13/2021,34,25.5,66,0.00,6.5,6.9
8/14/2021,33,26,68,0.00,9.8,7
8/15/2021,32.5,25.5,67.5,0.00,6.8,0.2
8/16/2021,34,23,61.5,0.00,5.3,8
8/17/2021,34,23,60.5,0.00,3.6,9
8/18/2021,35.5,24.5,58,0.00,6.8,10.2
8/19/2021,35.5,25.5,56,0.00,7,10.5
8/20/2021,37,25,58,0.00,4,9.3
8/21/2021,34,23.5,71,0.00,1.6,5.7
8/22/2021,31.5,22.5,86,9.50,0.9,0
8/23/2021,34.5,26,67,0.00,3.7,10.5
8/24/2021,34.5,23.5,66,0.00,3.3,9.7
8/25/2021,34.5,23,74.5,4.20,2.6,4.3
8/26/2021,35,23,76,3.90,3.9,8.7
8/27/2021,33.5,25.5,78,0.00,6.2,4.3
8/28/2021,33,24.5,71,0.00,4.9,4.1
8/29/2021,35.5,24.5,77,0.00,5.4,2.9
8/30/2021,34.5,24.5,67,0.00,7,3.5
8/31/2021,34.5,22,70.5,0.00,4.7,10.5
9/1/2021,35.5,24,60,0.00,3.6,8.4
9/2/2021,32,22,78,0.00,2.2,0.1
9/3/2021,32.5,23.5,70,7.60,2.5,1.3
9/4/2021,33,25.5,73.5,11.50,2,3.6
9/5/2021,32,24,63,3.00,3.2,3
9/6/2021,33.5,24,74.5,0.00,3.3,3.6
9/7/2021,35.5,23,63,0.00,3.5,8.7
9/8/2021,35,22.5,63.5,0.00,3.5,9.6
9/9/2021,36,22,59,0.00,3.8,8.3
9/10/2021,35.5,23.5,63,2.20,5,9.5
9/11/2021,34.5,22,64,0.00,4,5.7
9/12/2021,35,23,63.5,0.00,4.8,8.6
9/13/2021,34.5,23.5,63,0.00,3.9,8.7
9/14/2021,35.5,22.5,63,0.30,2.8,8.6
9/15/2021,35,23.5,65.5,0.00,3.6,8.6
9/16/2021,34,23.5,60.5,0.00,4.2,6.2
9/17/2021,36,23,64,0.00,3.1,9.2
9/18/2021,37,22.5,58,0.00,2.9,8.5
9/19/2021,36.5,23.5,78.5,0.20,2.5,6.6
9/20/2021,36,23,78,0.00,1.6,5.2
9/21/2021,34.5,23,70,0.00,3.5,8.4
9/22/2021,34.5,23,58.5,0.00,3.5,7.1
9/23/2021,37.5,26,58.5,0.00,6.6,9.6
9/24/2021,37,24,75.5,5.20,2.2,5.1
9/25/2021,35,25,61.5,0.00,5.5,8.5
9/26/2021,32,23.5,85,14.10,4.2,1.7
9/27/2021,34,25,66,0.00,6.7,8.4
9/28/2021,31,24.5,71.5,2.80,7.5,1.7
9/29/2021,35,26,62.5,0.00,9.2,5.3
9/30/2021,34,24.5,70,3.50,6,1.5
10/1/2021,32,21,85.5,38.60,1.4,1.5
10/2/2021,33,23.5,81.5,11.60,1.7,5.7
10/3/2021,33.5,34,76.5,0.80,2.7,7.6
10/4/2021,31.5,23.5,77.5,10.40,1.6,3.2
10/5/2021,31,23.5,87,6.60,1.5,2
10/6/2021,32.5,22.5,73,0.00,3.2,7.1
10/7/2021,34,25.5,79.5,0.00,4.4,9.4
10/8/2021,34,22.5,80,0.00,5.1,9.4
10/9/2021,34,24.5,65.5,0.00,4.4,7.4
10/10/2021,33,24,68.5,6.60,3.9,5.9
10/11/2021,30.5,24,79.5,4.40,6.4,1.3
10/12/2021,33,26,71,3.40,6.5,5.5
10/13/2021,34,24.5,63,0.00,5.7,10.3
10/14/2021,34.5,23,63,0.00,3.9,9.9
10/15/2021,34.5,23.5,65.5,0.50,3.4,7.5
10/16/2021,34.5,24,62,0.30,4.8,9.5
10/17/2021,35.5,25.5,67,0.10,6.7,6.1
10/18/2021,34,23.5,66,0.00,5.4,10.5
10/19/2021,37,23,74.5,0.00,2.8,7.6
10/20/2021,36,23,88.5,5.90,1.3,5.2
10/21/2021,35.5,23,71,95.60,1.9,8
10/22/2021,35,21,72.5,33.20,1.3,7.7
10/23/2021,34,21.5,69.5,0.00,2.4,7.8
10/24/2021,34,23.5,72.5,0.00,3.2,9
10/25/2021,36.5,23,80,6.30,1.3,6.5
10/26/2021,33,21,82,135.30,1.2,3.2
10/27/2021,32.5,23,79.5,0.30,1.5,5.8
10/28/2021,33.5,23.5,81,73.20,1.1,5.5
10/29/2021,33.5,23,83,1.30,1.1,5.3
10/30/2021,33.5,22.5,85,4.20,1.1,5.6
10/31/2021,35,23,75.5,0.10,1.7,8.1
11/1/2021,33,23.5,80,2.40,1,5.8
11/2/2021,35,23,74,0.10,1.5,8.9
11/3/2021,33,23.5,79,5.00,2.7,4.8
11/4/2021,32,23.5,86.5,0.90,1.8,2.5
11/5/2021,33,23,77.5,0.00,2.3,1.2
11/6/2021,34,23.5,73,4.40,3.4,6.9
11/7/2021,30.5,23.5,77.5,9.40,3.6,2.2
11/8/2021,29.5,23,77,5.80,5.6,0.8
11/9/2021,33.5,24,79.5,0.00,3.9,5.9
11/10/2021,32,23,67,0.00,6.6,8.4
11/11/2021,33.5,23,67,0.00,2.7,10.7
11/12/2021,32,24,76.5,1.20,3,6
11/13/2021,33.5,25,60.5,0.00,5.3,9.9
11/14/2021,32,23.5,74,0.00,4.7,6
11/15/2021,33,23.5,71.5,6.30,3,8
11/16/2021,33,23,77,3.00,4.9,7.1
11/17/2021,31,24,74,0.00,3.4,0.4
11/18/2021,34,22.5,65.5,0.00,3.8,6.4
11/19/2021,33,22,72,7.10,2,7.5
11/20/2021,34,22,62.5,0.00,4.4,10.2
11/21/2021,34.5,20,52,0.00,4.5,11.2
11/22/2021,36,22.5,63.5,0.00,1.8,9.3
11/23/2021,33,23.5,76.5,42.60,1.1,6
11/24/2021,31.5,24,85.5,20.40,0.9,2
11/25/2021,27,21.5,90,3.20,0.3,0.1
11/26/2021,33.5,23,84.5,1.60,1.8,7.2
11/27/2021,33.5,23.5,79.5,1.40,1.8,8.5
11/28/2021,30.5,23.5,86.5,17.50,0.6,1.6
11/29/2021,32,23,82,4.30,0.9,2.5
11/30/2021,34,22,83.5,0.00,1.5,4.7
12/1/2021,34,21.5,77,23.40,0.6,8.3
12/2/2021,34,23.5,75,0.60,1.7,8.8
12/3/2021,33.5,24,81,10.80,1.7,7.7
12/4/2021,32,23,89,24.50,1.4,5.6
12/5/2021,34.5,22.5,82,41.50,1.2,7.1
12/6/2021,33.5,23,74.5,18.30,1.6,8.2
12/7/2021,35,21.5,73,0.00,1,8
12/8/2021,35,24,64,2.70,0.9,8.9
12/9/2021,34.5,21,67,0.00,1.5,9.4
12/10/2021,33.5,22,78,0.00,1.2,5.4
12/11/2021,34,22.5,71.5,0.00,2.1,9.9
12/12/2021,31,23,87.5,12.80,1.1,0.8
12/13/2021,29.5,22.5,86,5.60,0.8,1.3
12/14/2021,32.5,23,76,0.40,0.9,3.2
12/15/2021,32,22,84.5,0.30,0.7,2.4
12/16/2021,34.5,23,79.5,20.50,1,7.1
12/17/2021,32.5,22.5,90,18.20,1.1,4.8
12/18/2021,34,22.5,85.5,38.70,1.1,5.2
12/19/2021,34.5,23,85.5,0.00,0.7,5.8
12/20/2021,35.5,23.5,73.5,0.00,0.9,7.9
12/21/2021,35,23,68.5,77.40,1.2,10.2
12/22/2021,34.5,22,73,7.00,1,7.7
12/23/2021,34.5,22.5,79.5,0.00,1,8.2
12/24/2021,34,20.5,76.5,0.00,0.9,6.6
12/25/2021,33,18.5,72.5,0.00,0.8,9.9
12/26/2021,33,19.5,73,0.00,1,9.9
12/27/2021,34,19,71.5,0.00,1.1,10.2
12/28/2021,34.5,19,74,0.00,1.7,10.3
12/29/2021,34,20.5,72,0.00,1.2,9.6
12/30/2021,34.5,21.5,53,0.00,1.3,8.9
12/31/2021,32.5,21,83,0.00,1.2,5.6
1/1/2022,34.5,22.5,74,0.00,1.86,8.1
1/2/2022,32.5,22.5,72,0.20,2.8,8.2
1/3/2022,33.5,22,65,0.00,2.1,3.6
1/4/2022,33,22,73.5,0.00,1.35,5.7
1/5/2022,33.5,21,83,31.80,1.1,4.7
1/6/2022,33.5,21,73.5,0.00,2.1,8.9
1/7/2022,34.5,21,72.5,0.00,1.5,9.1
1/8/2022,34,22,75.5,0.00,1.1,8.3
1/9/2022,32.5,22.5,77.5,0.00,0.98,5
1/10/2022,32.5,21.5,84,0.00,0.73,1.6
1/11/2022,33,22.5,79.5,0.00,1,6.6
1/12/2022,34.5,23,74,0.00,1.2,8.3
1/13/2022,35,22.5,83,2.90,1.4,8.1
1/14/2022,34.5,22.5,76,33.10,0.81,8.6
1/15/2022,34.5,22,78,0.00,0.93,8
1/16/2022,34,21,74.5,0.00,1.75,9.7
1/17/2022,34,22,69.5,0.00,1.76,9.1
1/18/2022,34,21,70,0.00,1.4,9.7
1/19/2022,33.5,20.5,75,0.00,1.1,6.1
1/20/2022,34.5,19,84,0.00,1.7,9.4
1/21/2022,34.5,18.5,65.5,0.00,1.1,10.4
1/22/2022,35,19.5,75,0.00,1.3,9.5
1/23/2022,34.5,20.5,73.5,0.00,0.94,7.7
1/24/2022,35,21.5,76,0.00,1.04,7.1
1/25/2022,34,19.5,67,0.00,0.9,7.3
1/26/2022,33.5,20.5,68,0.00,1.7,7.8
1/27/2022,33.5,19,70.5,0.00,0.96,7.6
1/28/2022,35,20.5,70.5,0.00,1.75,9.4
1/29/2022,35.5,22.5,73.5,0.00,1.2,9.7
1/30/2022,36,22.5,71,0.00,1.2,10.1
1/31/2022,34,20,75.5,0.00,1.3,6.8
2/1/2022,35.5,20,67,0.00,1.2,8.8
2/2/2022,35.5,20,71.5,0.00,1.2,8.5
2/3/2022,35,20.5,74.5,0.00,1.8,8.6
2/4/2022,35,22,72,0.00,1.6,9.9
2/5/2022,36,21,64.5,0.00,1.58,9.1
2/6/2022,35,22.5,61,0.00,0.82,9
2/7/2022,32.5,20.5,74,0.00,0.7,1.3
2/8/2022,32.5,21.5,78.5,0.00,0.7,3.5
2/9/2022,34.5,21.5,71.5,0.00,0.9,8.6
2/10/2022,33.5,23.5,74,0.90,1.32,4.6
2/11/2022,33,21.5,78,0.00,0.8,1.5
2/12/2022,35.5,22.5,73.5,3.90,2.08,8
2/13/2022,35.5,22.5,94,3.30,0.88,2
2/14/2022,34,22,81.5,0.10,1,4.9
2/15/2022,34,21,75,0.00,1.6,6.6
2/16/2022,33.5,22.5,75,0.00,1.7,7.8
2/17/2022,35.5,21,74.5,0.00,1.7,8
2/18/2022,35.5,22.5,74,0.00,1.42,7.5
2/19/2022,32,21,79,0.00,0.49,2.6
2/20/2022,35.5,22.5,66.5,0.00,1.52,7.5
2/21/2022,37,23,79,0.00,1.45,9.5
2/22/2022,35.5,21.5,73,48.40,1.65,7.5
2/23/2022,35.5,22,76.5,0.70,1.26,8.6
2/24/2022,33.5,21,65,0.00,2.2,9.9
2/25/2022,33.5,21.5,76,0.00,1.5,8.2
2/26/2022,35,21.5,68,0.00,1.95,7.8
2/27/2022,35.5,20.5,64.5,0.00,1.5,8.1
2/28/2022,35.5,21,63,0.00,1.8,9.9
3/1/2022,35,20.5,63.5,0.00,2,8.9
3/2/2022,32,23,75.5,0.00,1.2,0.5
3/3/2022,33.5,22.5,68.5,0.00,1.5,1.2
3/4/2022,33.5,23,77.5,0.60,0.89,4.2
3/5/2022,35,23.5,73,9.00,1.33,7.1
3/6/2022,34.5,23,88.5,21.80,1.6,5.8
3/7/2022,36,24,72,0.00,1.3,8.1
3/8/2022,36,22.5,72.5,0.00,1.24,7.3
3/9/2022,37,22.5,72,0.00,1.9,8.2
3/10/2022,37,22.5,74,0.00,1.7,8.4
3/11/2022,36.5,22.5,74.5,0.00,1.4,7.7
3/12/2022,34.5,22.5,81,13.50,0.98,5.6
3/13/2022,35.5,23,70.5,0.00,1.5,8.3
3/14/2022,36.5,22.5,70,0.00,1.4,7.5
3/15/2022,33.5,22.5,80,1.60,1.65,3.5
3/16/2022,32,24,71,0.00,1.1,0.3
3/17/2022,35,24,79,2.20,1.98,3.4
3/18/2022,33.5,22.5,90.5,10.90,0.85,3.8
3/19/2022,34.5,23,58.5,0.00,3.75,9.1
3/20/2022,34.5,22.5,65.5,0.00,0.75,9.9
3/21/2022,36.5,24,66.5,0.00,8.04,9.7
3/22/2022,37,23,64,0.00,2.5,9.2
3/23/2022,35,23.5,74,0.00,2.1,7.1
3/24/2022,35,22.5,72,0.00,2,6.5
3/25/2022,35.5,22,68.5,0.00,2.1,9.1
3/26/2022,35,23,77.5,0.20,1.39,6.8
3/27/2022,35,23,72,0.00,1.68,9.2
3/28/2022,35,23,65.5,0.00,1.89,8.8
3/29/2022,35.5,23,69,0.60,2.1,9.2
3/30/2022,35,22.5,71,5.70,2.5,8.2
3/31/2022,35.5,22.5,72.5,0.00,2,8.2
4/1/2022,35,23.5,67,0.00,2.21,9
4/2/2022,34.5,22.5,69.5,0.00,2.3,8.3
4/3/2022,36.5,23,72,7.50,1.7,7.5
4/4/2022,35.5,23,74,41.60,1.6,7
4/5/2022,34,22,88.5,3.30,1.3,3.5
4/6/2022,35.5,21.5,86.5,22.10,1.2,5.8
4/7/2022,35.5,23,75,1.20,1.4,8.2
4/8/2022,34.5,21.5,90.5,9.30,1.9,5.1
4/9/2022,34.5,22.5,80.5,2.00,1.4,5
4/10/2022,33.5,23,68.5,0.00,2.8,7.9
4/11/2022,36.5,24,71.5,0.70,1.5,7.6
4/12/2022,34.5,23,90.5,30.30,0.82,3.8
4/13/2022,32,22,87,0.40,1.6,2.7
4/14/2022,34,22.5,74.5,0.00,3,9.3
4/15/2022,34.5,23,73,2.40,1.9,9.1
4/16/2022,33.5,23,76.5,23.10,2,9.1
4/17/2022,34,17,87,7.10,1.8,7.4
4/18/2022,35,19,88.5,0.30,1.7,9.5
4/19/2022,35.5,21.5,78,0.00,2,8.8
4/20/2022,37.5,23,71.5,4.80,1,9.6
4/21/2022,34,21.5,79,0.00,2,9.5
4/22/2022,32,20.5,79.5,0.00,2.4,3.4
4/23/2022,34.5,21,81,0.00,1.2,6.8
4/24/2022,35.5,22,75.5,31.50,1.5,9.9
4/25/2022,33.5,21.5,77.5,9.30,1,5.7
4/26/2022,36.5,21.5,77.5,0.00,1.3,8.8
4/27/2022,36.5,23,69.5,0.20,1.2,9.4
4/28/2022,35.5,20,76.5,0.00,1.6,7.3
4/29/2022,35.5,21,76.5,0.00,1.5,7.8
4/30/2022,37,22,78.5,1.30,1.7,7.1
5/1/2022,35.5,21.5,80,0.00,2.6,3.1
5/2/2022,36.5,23,82,0.00,4.3,9.5
5/3/2022,35,22.5,76.5,0.00,1,4.3
5/4/2022,36.5,22,64.5,0.00,3.3,9.2
5/5/2022,35.5,22,71.5,0.00,2.2,8.8
5/6/2022,35.5,23,66.5,0.00,4.1,11.2
5/7/2022,36.5,25,67.5,0.00,6.4,11
5/8/2022,35.5,26,66,0.00,6.7,6.3
5/9/2022,35.5,22,64,2.30,6.6,7.9
5/10/2022,35,22,60.5,2.40,4.8,7.6
5/11/2022,36.5,22,60,2.10,3.85,8.2
5/12/2022,32,22.5,88.5,29.20,1,4.3
5/13/2022,31,22,90,38.10,0.87,2.5
5/14/2022,31.5,22.5,86.5,17.50,3.04,1.8
5/15/2022,33.5,22,72,3.70,2.57,6.5
5/16/2022,33,23,76.5,0.60,4.5,7
5/17/2022,32,23.5,69,0.00,6.22,9.1
5/18/2022,32,22.5,67.5,8.20,7.79,9.5
5/19/2022,32.5,22,65.5,1.10,4.98,10.2
5/20/2022,35,22,66.5,0.00,2.5,7
5/21/2022,34,22,72,0.00,3.4,9
5/22/2022,34,22,71,0.00,4.7,10
5/23/2022,33.5,21.5,69.5,1.60,2.5,9.6
5/24/2022,33.5,21,69,3.70,2.5,6.1
5/25/2022,34.5,22,72.5,0.10,2.8,10
5/26/2022,32.5,21,71.5,0.00,2.1,8
5/27/2022,32.5,21,67,6.40,3.2,10.2
5/28/2022,33,21.5,75,3.70,3.1,9.2
5/29/2022,32,21.5,81,0.70,2.3,5.4
5/30/2022,32,22,82.5,10.80,1.5,4.1
5/31/2022,33,22,92,2.30,3.7,0
6/1/2022,32,22.5,76,0.60,4,5.5
6/2/2022,33.5,21.5,73.5,1.70,3,7.6
6/3/2022,34,21.5,81,0.00,3.1,9.8
6/4/2022,35.5,21.5,72,0.00,4.5,7.9
6/5/2022,34,22,67,2.30,2.6,9.2
6/6/2022,34,22,79,0.00,2.1,5.9
6/7/2022,33.5,21.5,72.5,0.00,3.2,10
6/8/2022,35,22,67,0.00,3,9.1
6/9/2022,34,22,72,0.00,2.3,9.3
6/10/2022,33.5,21.5,64,0.00,3,10
6/11/2022,33.5,23,71.5,0.00,3,6.2
6/12/2022,34.5,22,69,0.00,4.7,9.6
6/13/2022,35,24,63.5,0.00,6.5,9.1
6/14/2022,35.5,23.5,63,0.00,4,6.2
6/15/2022,33.5,23,66,0.00,5.3,7
6/16/2022,32.5,22,84.5,8.50,1.1,0.1
6/17/2022,32,22,74.5,0.30,1.6,3.1
6/18/2022,34,21,75.5,0.00,2.2,7.3
6/19/2022,35,21,63.5,0.00,2,7.4
6/20/2022,35,22.5,66,0.00,4.2,10
6/21/2022,34.5,23,67.5,0.00,4.4,8.7
6/22/2022,34,20.5,73.5,0.00,2.8,8.3
6/23/2022,35.5,22,78,0.00,3,9.6
6/24/2022,33,23,76.5,0.30,5.2,7.7
6/25/2022,33.5,23.5,68.5,0.00,6.4,9.8
6/26/2022,34.5,22.5,65,0.00,6.4,8.9
6/27/2022,35,24.5,60.5,0.00,6.7,9.4
6/28/2022,35,24.5,61,0.00,7.6,10.2
6/29/2022,34.5,23.5,63.5,0.00,8.4,9.4
6/30/2022,33,24,59,0.00,8.9,8.2
7/1/2022,34,24.5,60,0.00,9.6,10.2
7/2/2022,35.5,22,60,0.00,4.6,6.7
7/3/2022,32.5,24,68,0.00,9.3,6.7
7/4/2022,32.5,22.5,56,1.60,8,3.7
7/5/2022,33.5,24.5,63,0.00,8.45,6.3
7/6/2022,34,24.5,68,0.00,9.38,4.6
7/7/2022,33,23,65.5,0.00,6.7,6.7
7/8/2022,34.5,23,54,0.00,9.2,11
7/9/2022,33.5,24,52,0.00,10.2,9.8
7/10/2022,33,22,57,1.70,8,9.4
7/11/2022,30.5,23.5,77.5,0.00,7.8,0.9
7/12/2022,35,22.5,56,0.00,5.4,11
7/13/2022,35,22,59,0.00,4.7,11
7/14/2022,34.5,21.5,51.5,0.00,4.6,9.5
7/15/2022,35.5,21,59.5,0.00,3.9,11.4
7/16/2022,34.5,22,63,0.00,5.9,10.4
7/17/2022,35,21.5,61,0.00,3.4,9.4
7/18/2022,36,24.5,59.5,0.00,5.4,9.2
7/19/2022,36.5,21,59,72.50,2.2,7.4
7/20/2022,34.5,23,83,6.40,2.7,5.4
7/21/2022,33.5,22,77.5,25.70,3.3,3.9
7/22/2022,33.5,22,69,0.00,4,5.2
7/23/2022,30,22,70,0.00,3.6,8.4
7/24/2022,30.5,22,72,0.00,8,2.4
7/25/2022,36.5,20.5,61,4.30,4.5,6.4
7/26/2022,35.5,20.5,71.5,2.40,0.89,7.1
7/27/2022,34,22.5,76.5,15.00,1.4,5.8
7/28/2022,29,21.5,86.5,0.00,0.24,0.2
7/29/2022,32.5,20.5,76,0.00,0.86,2.2
7/30/2022,34.5,20.5,74.5,0.00,0.9,6.7
7/31/2022,32.5,22,88,32.70,0.7,0.6
8/1/2022,28,23,90,26.20,4.2,0
8/2/2022,31.5,21.5,75,3.70,3.4,2.4
8/3/2022,31.5,22,69.5,1.20,4,4
8/4/2022,31.5,23,69.5,0.00,5.5,3.7
8/5/2022,32,21,66.5,0.00,2.65,6.3
8/6/2022,32.5,21,67,0.00,4.2,5.5
8/7/2022,33,21.5,67.5,0.00,3.5,9.8
8/8/2022,33,23.5,58.5,0.00,5.9,8.2
8/9/2022,33.5,19.5,58,0.00,5.3,10
8/10/2022,33.5,19.5,56.5,0.00,5.3,10.2
8/11/2022,34.5,24.5,55,0.00,8.4,10.1
8/12/2022,34,24.5,64.5,0.00,8.1,9.5
8/13/2022,35.5,22,58,0.00,5.2,10.3
8/14/2022,36,21,61.5,0.00,2.3,9.1
8/15/2022,36,21.5,64,0.00,1.4,8.9
8/16/2022,34,21,68.5,0.00,4.2,9.6
8/17/2022,34.5,21,65,0.00,2.3,7.4
8/18/2022,36,21,61,0.00,2.6,10.3
8/19/2022,34.5,21,63.5,0.00,4.2,9.2
8/20/2022,35.5,21,58.5,0.00,2.8,10.1
8/21/2022,34.5,23,62,0.00,3.8,9.4
8/22/2022,33,24,71,0.00,6.2,6.3
8/23/2022,34,23.5,66,0.00,6.9,9.3
8/24/2022,31,22,65,0.00,6.1,3
8/25/2022,33,23,57,0.00,5.25,10
8/26/2022,33.5,22,71,1.70,3.3,5.9
8/27/2022,33,23.5,68,0.00,6.5,5.3
8/28/2022,34,23,57,0.00,5.4,10.1
8/29/2022,35.5,23.5,57,0.00,4.2,8.2
8/30/2022,35,21.5,76.5,1.20,1.3,5.5
8/31/2022,29.5,21.5,82.5,1.50,1.5,0.5
9/1/2022,33,22,72.5,0.00,3.4,5.6
9/2/2022,34.5,22.5,62,0.00,3.7,8.3
9/3/2022,33.5,22,67,0.00,2.4,4.8
9/4/2022,34.5,21.5,66,0.00,3.5,6.9
9/5/2022,31.5,22,81.5,3.30,2.8,2.8
9/6/2022,32,23,70.5,0.00,4.4,3.1
9/7/2022,33.5,23,67.5,0.00,5.9,6.2
9/8/2022,34,20.5,62.5,0.00,3.38,5.3
9/9/2022,34,20.5,65,0.00,2.7,4.5
9/10/2022,35.5,22,58,0.00,4.3,9.7
9/11/2022,30,25,58,0.00,5.2,10.1
9/12/2022,35.5,21.5,38,0.00,6.4,10
9/13/2022,36.5,23.5,58,0.00,3.3,9.9
9/14/2022,34.5,19.5,63,0.00,3.2,8.4
9/15/2022,37,19,59.5,0.00,2.7,10
9/16/2022,32,18,63,0.00,2.3,9.9
9/17/2022,37,19.5,65,0.00,2.2,10.3
9/18/2022,37,20.5,58,0.00,2.8,9.4
9/19/2022,35.5,22,63,0.00,4.2,5.1
9/20/2022,37,21.5,57.5,0.00,3.5,9.9
9/21/2022,32,23,51,0.00,5,10.1
9/22/2022,36,20.5,53.5,0.00,4.6,10.4
9/23/2022,36.5,23.5,53.5,0.00,7.4,9.7
9/24/2022,36.5,23,53,0.00,8.1,8.3
9/25/2022,38.5,22,54.5,9.20,3.6,9
9/26/2022,36,23,60,0.00,5.3,6.7
9/27/2022,37.5,21,58,0.00,4.2,8.1
9/28/2022,35,22,53.5,0.00,4.7,9.7
9/29/2022,36,21.5,53.5,2.70,4.3,9.8
9/30/2022,32.5,21.5,68.5,5.60,2.87,5.2
10/1/2022,33.5,22,68.5,0.20,4.3,8.7
10/2/2022,34,23,65,0.00,6.9,8.8
10/3/2022,32.5,22.5,54.5,0.20,5.8,4.1
10/4/2022,34,24,70,0.00,7,6.2
10/5/2022,34.5,23.5,66.5,0.00,5.4,3.6
10/6/2022,34.5,23,66.5,0.00,6.3,7.2
10/7/2022,34,23.5,70,0.00,7,2.8
10/8/2022,36,20,57.5,0.00,3.4,7
10/9/2022,36,22,62,4.40,1.9,6.4
10/10/2022,34,20.5,63,0.20,1,4
10/11/2022,34.5,20.5,71.5,0.00,2.4,6.1
10/12/2022,34,22,83.5,4.70,1.9,5.3
10/13/2022,33,21,88,37.20,1.5,2.2
10/14/2022,32,21,81.5,3.10,1.3,3.3
10/15/2022,30.5,20.5,74,1.50,1.5,1.5
10/16/2022,33.5,22,71,8.70,1.2,6.7
10/17/2022,32,22.5,78.5,0.70,1.5,6
10/18/2022,33,23,68,0.20,6.5,6.7
10/19/2022,34,22.5,63,0.00,5.9,8.9
10/20/2022,32,22,73,8.70,3.1,3.7
10/21/2022,30.5,21,84.5,11.30,1.5,1.9
10/22/2022,33,21.5,77,0.50,1.6,4.2
10/23/2022,32,21.5,72.5,0.50,2.4,2.7
10/24/2022,31,21,77.5,5.10,1.2,2.6
10/25/2022,33.5,21.5,78,0.00,1.9,5.8
10/26/2022,34,20.5,76.5,23.50,0.98,4.2
10/27/2022,32.5,20.5,77,0.00,0.48,2.3
10/28/2022,35,20.5,70.5,0.00,1.5,7.6
10/29/2022,35.5,20.5,68.5,0.00,1.1,8.7
10/30/2022,34.5,19.5,76.5,41.70,1.6,6.8
10/31/2022,34.5,22,75,0.00,0.1,8
11/1/2022,32.5,21.5,71,0.00,7.4,4.5
11/2/2022,35.5,20.5,58.5,0.00,1.6,9.1
11/3/2022,33,22,73,4.40,0.84,4.3
11/4/2022,33,22,73,6.30,1.2,6.8
11/5/2022,33,20.5,88,14.80,0.69,2.2
11/6/2022,34.5,19.5,78.5,1.60,0.8,6.2
11/7/2022,34,21.5,75.5,9.70,3.3,7
11/8/2022,32.5,22,81,0.30,0.7,1.3
11/9/2022,34,21,86,4.00,0.9,4.5
11/10/2022,32,20.5,90.5,6.50,3.6,1.6
11/11/2022,34,21.5,80.5,0.00,2.1,8
11/12/2022,34.5,21,76.5,3.30,1.4,6.2
11/13/2022,34,21.5,73,20.80,0.8,2.7
11/14/2022,32.5,21,79,17.20,0.8,2.8
11/15/2022,32.5,21.5,76.5,37.00,0.96,4.7
11/16/2022,34,20.5,81,18.00,1.3,5.7
11/17/2022,34.5,20.5,78.5,0.00,1.1,8.1
11/18/2022,33.5,20.5,72.5,0.00,0.7,5.7
11/19/2022,33,20.5,81.5,0.00,0.8,2.8
11/20/2022,33.5,19,77,0.00,1.1,7.8
11/21/2022,34.5,19.5,65,0.00,2.3,9.7
11/22/2022,35.5,19,65,0.00,2.5,9.7
11/23/2022,33.5,18,63,0.00,3.8,9.4
11/24/2022,35,21,63,0.00,1.7,9.8
11/25/2022,35,21,71,5.50,1.3,8.3
11/26/2022,34,20.5,77.5,57.30,1.3,7
11/27/2022,34.5,21.5,88.5,16.00,0.7,5.5
11/28/2022,34,22,74,0.10,0.9,6.8
11/29/2022,34.5,21,82.5,2.50,1.2,6.2
11/30/2022,34,20.5,73.5,0.00,0.8,8.5
12/1/2022,34,21,84.5,0.40,0.9,6.3
12/2/2022,33.5,20,94,42.40,0.74,4.6
12/3/2022,32,20,92,15.00,0.6,3.6
12/4/2022,34,20,81.5,5.10,0.7,6.1
12/5/2022,33.5,20,81,6.50,0.9,6.5
12/6/2022,30.5,19,67.5,0.00,0.46,0.5
12/7/2022,31,19,81,0.00,4.16,0
12/8/2022,28.5,18.5,75,0.00,9.6,0
12/9/2022,30.5,21,79.5,5.80,2.5,0
12/10/2022,27,20,94,1.90,0.76,0
12/11/2022,32.5,18.5,77,0.00,1.75,0.1
12/12/2022,32,18,79.5,0.00,0.78,3
12/13/2022,33.5,19.5,73,60.30,1.3,6.7
12/14/2022,33.5,19.5,79.5,0.00,0.62,7.9
12/15/2022,33.5,20.5,70,11.10,0.75,6.7
12/16/2022,34.5,20.5,72,0.00,0.78,6.8
12/17/2022,31,20.5,84.5,0.00,0.8,1.5
12/18/2022,28.5,21,84,0.00,0.6,0.8
12/19/2022,32.5,21,75,0.00,0.9,1.8
12/20/2022,32,21,74,0.00,1.4,4.1
12/21/2022,31,20.5,78,1.90,0.18,0.6
12/22/2022,33,20,77.5,90.40,1.6,6
12/23/2022,33.5,22,73.5,0.00,1.8,7.9
12/24/2022,36,22,76.5,3.50,1.8,4.3
12/25/2022,26,20,94,7.90,0.9,0
12/26/2022,32,20,77,0.00,1.5,7
12/27/2022,33.5,20.5,75.5,2.00,0.9,7.3
12/28/2022,33.5,19.5,77,0.00,1.3,6.9
12/29/2022,32.5,17,71.5,0.00,1.9,9.2
12/30/2022,32.5,17,70.5,0.00,1.6,8.8
12/31/2022,33,16,74,0.00,0.72,8.3
